Kanton;Schuljahr;Stufe;Typ;Geschlecht;Land;Anzahl
tg;2007/2008;Sekundarstufe II;Fachmittelschulen;weiblich;Italien;3
tg;2007/2008;Sekundarstufe II;Gymnasium;männlich;Australien;1
tg;2007/2008;Sekundarstufe II;Gymnasium;weiblich;Nordamerika;2
tg;2007/2008;Sekundarstufe II;Gymnasium;weiblich;Bosnien-Herzegowina;3
tg;2007/2008;Sekundarstufe II;Gymnasium;männlich;Österreich;3
tg;2007/2008;Sekundarstufe I;Gymnasium;weiblich;Deutschland;7
tg;2007/2008;Sekundarstufe II;Gymnasium;weiblich;Türkei;8
tg;2007/2008;Sekundarstufe II;Fachmittelschulen;weiblich;Süd-/Osteuropa;2
tg;2007/2008;Sekundarstufe II;Gymnasium;weiblich;Serbien;2
tg;2007/2008;Sekundarstufe II;Fachmittelschulen;weiblich;Nordamerika;2
tg;2007/2008;Sekundarstufe II;Gymnasium;weiblich;Süd-/Osteuropa;6
tg;2007/2008;Sekundarstufe I;Gymnasium;weiblich;Italien;1
tg;2007/2008;Sekundarstufe II;Gymnasium;weiblich;Deutschland;23
tg;2007/2008;Sekundarstufe II;Gymnasium;männlich;Irak;1
tg;2007/2008;Sekundarstufe II;Fachmittelschulen;weiblich;Deutschland;5
tg;2007/2008;Sekundarstufe I;Gymnasium;männlich;Türkei;1
tg;2007/2008;Sekundarstufe II;Gymnasium;weiblich;Italien;10
tg;2007/2008;Sekundarstufe II;Gymnasium;männlich;Frankreich;1
tg;2007/2008;Sekundarstufe II;Gymnasium;männlich;Portugal;3
tg;2007/2008;Sekundarstufe I;Gymnasium;männlich;Österreich;1
tg;2007/2008;Sekundarstufe II;Handelsmittelschulen;männlich;Schweiz;38
tg;2007/2008;Sekundarstufe II;Gymnasium;männlich;Nordmazedonien;9
tg;2007/2008;Sekundarstufe II;Handelsmittelschulen;männlich;Portugal;1
tg;2007/2008;Sekundarstufe II;Gymnasium;männlich;Nord-/Westeuropa;5
tg;2007/2008;Sekundarstufe II;Fachmittelschulen;männlich;Schweiz;23
tg;2007/2008;Sekundarstufe II;Gymnasium;männlich;Afrika;1
tg;2007/2008;Sekundarstufe II;Gymnasium;weiblich;Portugal;6
tg;2007/2008;Sekundarstufe I;Gymnasium;männlich;Schweiz;144
tg;2007/2008;Sekundarstufe II;Gymnasium;männlich;Schweiz;488
tg;2007/2008;Sekundarstufe II;Informatikmittelschulen;weiblich;Süd-/Osteuropa;1
tg;2007/2008;Sekundarstufe II;Fachmittelschulen;männlich;Nord-/Westeuropa;1
tg;2007/2008;Sekundarstufe II;Gymnasium;weiblich;Nordmazedonien;4
tg;2007/2008;Sekundarstufe II;Gymnasium;weiblich;Nord-/Westeuropa;5
tg;2007/2008;Sekundarstufe II;Gymnasium;männlich;Spanien;2
tg;2007/2008;Sekundarstufe I;Gymnasium;weiblich;Kroatien;1
tg;2007/2008;Sekundarstufe II;Informatikmittelschulen;männlich;Schweiz;38
tg;2007/2008;Sekundarstufe II;Gymnasium;weiblich;Asien;4
tg;2007/2008;Sekundarstufe II;Passerelle;weiblich;Schweiz;10
tg;2007/2008;Sekundarstufe II;Handelsmittelschulen;männlich;Nordmazedonien;1
tg;2007/2008;Sekundarstufe II;Fachmittelschulen;weiblich;Türkei;4
tg;2007/2008;Sekundarstufe II;Handelsmittelschulen;männlich;Österreich;1
tg;2007/2008;Sekundarstufe II;Fachmittelschulen;weiblich;Kroatien;1
tg;2007/2008;Sekundarstufe II;Gymnasium;weiblich;Mittel- und Südamerika;2
tg;2007/2008;Sekundarstufe I;Gymnasium;männlich;Nord-/Westeuropa;1
tg;2007/2008;Sekundarstufe II;Fachmittelschulen;männlich;Portugal;1
tg;2007/2008;Sekundarstufe II;Gymnasium;weiblich;Staat unbekannt;1
tg;2007/2008;Sekundarstufe I;Gymnasium;weiblich;Türkei;2
tg;2007/2008;Sekundarstufe I;Gymnasium;weiblich;Süd-/Osteuropa;2
tg;2007/2008;Sekundarstufe I;Gymnasium;männlich;Nordmazedonien;3
tg;2007/2008;Sekundarstufe II;Fachmittelschulen;männlich;Österreich;1
tg;2007/2008;Sekundarstufe II;Fachmittelschulen;männlich;Italien;1
tg;2007/2008;Sekundarstufe II;Fachmittelschulen;männlich;Süd-/Osteuropa;1
tg;2007/2008;Sekundarstufe II;Gymnasium;männlich;Türkei;2
tg;2007/2008;Sekundarstufe II;Gymnasium;männlich;Deutschland;14
tg;2007/2008;Sekundarstufe II;Fachmittelschulen;weiblich;Schweiz;323
tg;2007/2008;Sekundarstufe II;Fachmittelschulen;männlich;Serbien;1
tg;2007/2008;Sekundarstufe II;Fachmittelschulen;männlich;Deutschland;1
tg;2007/2008;Sekundarstufe II;Gymnasium;männlich;Italien;10
tg;2007/2008;Sekundarstufe II;Handelsmittelschulen;weiblich;Nord-/Westeuropa;2
tg;2007/2008;Sekundarstufe II;Informatikmittelschulen;männlich;Spanien;1
tg;2007/2008;Sekundarstufe I;Gymnasium;weiblich;Schweiz;151
tg;2007/2008;Sekundarstufe II;Gymnasium;weiblich;Australien;1
tg;2007/2008;Sekundarstufe I;Gymnasium;weiblich;Asien;1
tg;2007/2008;Sekundarstufe II;Handelsmittelschulen;weiblich;Schweiz;43
tg;2007/2008;Sekundarstufe II;Fachmittelschulen;weiblich;Asien;3
tg;2007/2008;Sekundarstufe II;Gymnasium;weiblich;Griechenland;1
tg;2007/2008;Sekundarstufe II;Gymnasium;männlich;Süd-/Osteuropa;4
tg;2007/2008;Sekundarstufe II;Handelsmittelschulen;weiblich;Portugal;2
tg;2007/2008;Sekundarstufe II;Informatikmittelschulen;weiblich;Schweiz;6
tg;2007/2008;Sekundarstufe II;Fachmittelschulen;weiblich;Nord-/Westeuropa;1
tg;2007/2008;Sekundarstufe II;Handelsmittelschulen;männlich;Serbien;1
tg;2007/2008;Sekundarstufe II;Fachmittelschulen;weiblich;Nordmazedonien;6
tg;2007/2008;Sekundarstufe II;Gymnasium;weiblich;Schweiz;872
tg;2007/2008;Sekundarstufe II;Gymnasium;weiblich;Spanien;2
tg;2007/2008;Sekundarstufe II;Fachmittelschulen;weiblich;Portugal;2
tg;2007/2008;Sekundarstufe II;Handelsmittelschulen;männlich;Italien;2
tg;2007/2008;Sekundarstufe II;Informatikmittelschulen;männlich;Deutschland;2
tg;2007/2008;Sekundarstufe II;Gymnasium;weiblich;Liechtenstein;1
tg;2007/2008;Sekundarstufe II;Passerelle;männlich;Schweiz;9
tg;2007/2008;Sekundarstufe I;Gymnasium;männlich;Deutschland;6
tg;2007/2008;Sekundarstufe II;Gymnasium;weiblich;Österreich;3
tg;2007/2008;Sekundarstufe II;Gymnasium;männlich;Asien;2
tg;2007/2008;Sekundarstufe II;Gymnasium;männlich;Mittel- und Südamerika;1
tg;2007/2008;Sekundarstufe II;Gymnasium;männlich;Kroatien;2
tg;2007/2008;Sekundarstufe II;Handelsmittelschulen;männlich;Türkei;1
tg;2007/2008;Sekundarstufe I;Gymnasium;männlich;Süd-/Osteuropa;2
tg;2007/2008;Sekundarstufe I;Gymnasium;weiblich;Nordmazedonien;1
tg;2007/2008;Sekundarstufe II;Handelsmittelschulen;weiblich;Nordmazedonien;2
tg;2008/2009;Sekundarstufe II;Gymnasium;weiblich;Kroatien;1
tg;2008/2009;Sekundarstufe II;Informatikmittelschulen;weiblich;Schweiz;4
tg;2008/2009;Sekundarstufe II;Passerelle;männlich;Schweiz;7
tg;2008/2009;Sekundarstufe II;Gymnasium;weiblich;Italien;8
tg;2008/2009;Sekundarstufe II;Handelsmittelschulen;männlich;Türkei;1
tg;2008/2009;Sekundarstufe I;Gymnasium;männlich;Bosnien-Herzegowina;1
tg;2008/2009;Sekundarstufe I;Gymnasium;männlich;Deutschland;4
tg;2008/2009;Sekundarstufe I;Gymnasium;weiblich;Österreich;1
tg;2008/2009;Sekundarstufe II;Fachmittelschulen;weiblich;Süd-/Osteuropa;2
tg;2008/2009;Sekundarstufe II;Gymnasium;männlich;Australien;1
tg;2008/2009;Sekundarstufe II;Gymnasium;weiblich;Serbien;3
tg;2008/2009;Sekundarstufe II;Gymnasium;männlich;Schweiz;530
tg;2008/2009;Sekundarstufe I;Gymnasium;weiblich;Nordmazedonien;4
tg;2008/2009;Sekundarstufe II;Handelsmittelschulen;männlich;Italien;2
tg;2008/2009;Sekundarstufe II;Informatikmittelschulen;männlich;Deutschland;1
tg;2008/2009;Sekundarstufe II;Handelsmittelschulen;männlich;Serbien;1
tg;2008/2009;Sekundarstufe II;Gymnasium;weiblich;Türkei;9
tg;2008/2009;Sekundarstufe I;Gymnasium;männlich;Serbien;1
tg;2008/2009;Sekundarstufe II;Gymnasium;männlich;Asien;1
tg;2008/2009;Sekundarstufe II;Fachmittelschulen;weiblich;Türkei;3
tg;2008/2009;Sekundarstufe II;Fachmittelschulen;männlich;Schweiz;20
tg;2008/2009;Sekundarstufe II;Fachmittelschulen;weiblich;Kroatien;1
tg;2008/2009;Sekundarstufe I;Gymnasium;männlich;Italien;1
tg;2008/2009;Sekundarstufe II;Fachmittelschulen;weiblich;Liechtenstein;1
tg;2008/2009;Sekundarstufe II;Fachmittelschulen;weiblich;Nordamerika;1
tg;2008/2009;Sekundarstufe II;Gymnasium;weiblich;Süd-/Osteuropa;9
tg;2008/2009;Sekundarstufe II;Handelsmittelschulen;weiblich;Schweiz;68
tg;2008/2009;Sekundarstufe II;Gymnasium;weiblich;Spanien;3
tg;2008/2009;Sekundarstufe II;Gymnasium;männlich;Österreich;3
tg;2008/2009;Sekundarstufe II;Fachmittelschulen;männlich;Österreich;1
tg;2008/2009;Sekundarstufe II;Gymnasium;weiblich;Deutschland;26
tg;2008/2009;Sekundarstufe I;Gymnasium;weiblich;Schweiz;162
tg;2008/2009;Sekundarstufe I;Gymnasium;weiblich;Asien;1
tg;2008/2009;Sekundarstufe II;Informatikmittelschulen;männlich;Spanien;1
tg;2008/2009;Sekundarstufe II;Handelsmittelschulen;weiblich;Portugal;1
tg;2008/2009;Sekundarstufe II;Gymnasium;männlich;Nord-/Westeuropa;6
tg;2008/2009;Sekundarstufe II;Fachmittelschulen;weiblich;Deutschland;5
tg;2008/2009;Sekundarstufe II;Gymnasium;weiblich;Liechtenstein;1
tg;2008/2009;Sekundarstufe II;Gymnasium;männlich;Nordmazedonien;10
tg;2008/2009;Sekundarstufe II;Fachmittelschulen;weiblich;Italien;4
tg;2008/2009;Sekundarstufe II;Handelsmittelschulen;weiblich;Nord-/Westeuropa;1
tg;2008/2009;Sekundarstufe II;Gymnasium;männlich;Portugal;3
tg;2008/2009;Sekundarstufe II;Gymnasium;weiblich;Nordamerika;3
tg;2008/2009;Sekundarstufe II;Handelsmittelschulen;weiblich;Nordmazedonien;2
tg;2008/2009;Sekundarstufe II;Gymnasium;männlich;Italien;8
tg;2008/2009;Sekundarstufe I;Gymnasium;männlich;Portugal;2
tg;2008/2009;Sekundarstufe II;Fachmittelschulen;weiblich;Portugal;1
tg;2008/2009;Sekundarstufe I;Gymnasium;männlich;Nordmazedonien;2
tg;2008/2009;Sekundarstufe II;Informatikmittelschulen;weiblich;Süd-/Osteuropa;1
tg;2008/2009;Sekundarstufe I;Gymnasium;männlich;Nord-/Westeuropa;1
tg;2008/2009;Sekundarstufe II;Handelsmittelschulen;männlich;Österreich;1
tg;2008/2009;Sekundarstufe II;Gymnasium;weiblich;Schweiz;876
tg;2008/2009;Sekundarstufe II;Passerelle;weiblich;Schweiz;8
tg;2008/2009;Sekundarstufe II;Fachmittelschulen;weiblich;Nord-/Westeuropa;1
tg;2008/2009;Sekundarstufe II;Handelsmittelschulen;weiblich;Afrika;1
tg;2008/2009;Sekundarstufe I;Gymnasium;weiblich;Afrika;1
tg;2008/2009;Sekundarstufe II;Gymnasium;männlich;Süd-/Osteuropa;4
tg;2008/2009;Sekundarstufe II;Gymnasium;männlich;Kroatien;1
tg;2008/2009;Sekundarstufe II;Gymnasium;männlich;Frankreich;1
tg;2008/2009;Sekundarstufe II;Gymnasium;weiblich;Nord-/Westeuropa;6
tg;2008/2009;Sekundarstufe II;Gymnasium;weiblich;Asien;5
tg;2008/2009;Sekundarstufe II;Gymnasium;männlich;Türkei;3
tg;2008/2009;Sekundarstufe II;Handelsmittelschulen;männlich;Schweiz;37
tg;2008/2009;Sekundarstufe II;Fachmittelschulen;weiblich;Asien;2
tg;2008/2009;Sekundarstufe II;Fachmittelschulen;weiblich;Mittel- und Südamerika;1
tg;2008/2009;Sekundarstufe I;Gymnasium;männlich;Schweiz;148
tg;2008/2009;Sekundarstufe II;Gymnasium;weiblich;Nordmazedonien;4
tg;2008/2009;Sekundarstufe II;Gymnasium;männlich;Deutschland;16
tg;2008/2009;Sekundarstufe II;Fachmittelschulen;weiblich;Schweiz;271
tg;2008/2009;Sekundarstufe II;Gymnasium;weiblich;Portugal;4
tg;2008/2009;Sekundarstufe I;Gymnasium;weiblich;Deutschland;4
tg;2008/2009;Sekundarstufe II;Gymnasium;weiblich;Australien;1
tg;2008/2009;Sekundarstufe I;Gymnasium;weiblich;Liechtenstein;1
tg;2008/2009;Sekundarstufe I;Gymnasium;weiblich;Italien;2
tg;2008/2009;Sekundarstufe II;Gymnasium;weiblich;Mittel- und Südamerika;1
tg;2008/2009;Sekundarstufe II;Gymnasium;weiblich;Irak;1
tg;2008/2009;Sekundarstufe I;Gymnasium;weiblich;Süd-/Osteuropa;1
tg;2008/2009;Sekundarstufe I;Gymnasium;weiblich;Frankreich;1
tg;2008/2009;Sekundarstufe I;Gymnasium;männlich;Türkei;2
tg;2008/2009;Sekundarstufe I;Gymnasium;weiblich;Serbien;1
tg;2008/2009;Sekundarstufe II;Informatikmittelschulen;männlich;Schweiz;41
tg;2008/2009;Sekundarstufe I;Gymnasium;männlich;Asien;1
tg;2008/2009;Sekundarstufe II;Fachmittelschulen;weiblich;Nordmazedonien;6
tg;2009/2010;Sekundarstufe II;Gymnasium;männlich;Frankreich;1
tg;2009/2010;Sekundarstufe II;Fachmittelschulen;männlich;Serbien;1
tg;2009/2010;Sekundarstufe II;Gymnasium;männlich;Österreich;3
tg;2009/2010;Sekundarstufe II;Gymnasium;weiblich;Grossbritannien;1
tg;2009/2010;Sekundarstufe II;Passerelle;weiblich;Schweiz;6
tg;2009/2010;Sekundarstufe I;Gymnasium;weiblich;Deutschland;3
tg;2009/2010;Sekundarstufe II;Handelsmittelschulen;weiblich;Frankreich;1
tg;2009/2010;Sekundarstufe I;Gymnasium;weiblich;Italien;1
tg;2009/2010;Sekundarstufe II;Gymnasium;weiblich;Kroatien;1
tg;2009/2010;Sekundarstufe II;Gymnasium;weiblich;Albanien;1
tg;2009/2010;Sekundarstufe II;Gymnasium;männlich;Mauretanien;4
tg;2009/2010;Sekundarstufe II;Gymnasium;weiblich;Türkei;4
tg;2009/2010;Sekundarstufe II;Gymnasium;männlich;China;1
tg;2009/2010;Sekundarstufe II;Fachmittelschulen;weiblich;Mongolei;1
tg;2009/2010;Sekundarstufe II;Gymnasium;männlich;Belgien;1
tg;2009/2010;Sekundarstufe II;Gymnasium;weiblich;Kongo (Brazzaville);1
tg;2009/2010;Sekundarstufe II;Handelsmittelschulen;männlich;Schweiz;47
tg;2009/2010;Sekundarstufe II;Gymnasium;weiblich;Sri Lanka;1
tg;2009/2010;Sekundarstufe II;Informatikmittelschulen;männlich;Deutschland;1
tg;2009/2010;Sekundarstufe I;Gymnasium;männlich;Schweiz;149
tg;2009/2010;Sekundarstufe II;Gymnasium;weiblich;Italien;9
tg;2009/2010;Sekundarstufe II;Gymnasium;weiblich;Serbien;4
tg;2009/2010;Sekundarstufe II;Gymnasium;weiblich;Vereinigte Staaten;1
tg;2009/2010;Sekundarstufe II;Gymnasium;weiblich;Schweiz;904
tg;2009/2010;Sekundarstufe II;Fachmittelschulen;weiblich;Schweiz;246
tg;2009/2010;Sekundarstufe II;Gymnasium;weiblich;Tschechische Republik;1
tg;2009/2010;Sekundarstufe II;Gymnasium;weiblich;Irak;1
tg;2009/2010;Sekundarstufe II;Informatikmittelschulen;weiblich;Schweiz;5
tg;2009/2010;Sekundarstufe II;Fachmittelschulen;männlich;Deutschland;1
tg;2009/2010;Sekundarstufe II;Gymnasium;weiblich;Australien;1
tg;2009/2010;Sekundarstufe II;Gymnasium;weiblich;Portugal;1
tg;2009/2010;Sekundarstufe II;Fachmittelschulen;weiblich;Nordmazedonien;4
tg;2009/2010;Sekundarstufe II;Gymnasium;weiblich;Brasilien;1
tg;2009/2010;Sekundarstufe II;Gymnasium;männlich;Spanien;1
tg;2009/2010;Sekundarstufe II;Gymnasium;weiblich;Schweden;1
tg;2009/2010;Sekundarstufe II;Gymnasium;männlich;Deutschland;17
tg;2009/2010;Sekundarstufe II;Fachmittelschulen;weiblich;Portugal;2
tg;2009/2010;Sekundarstufe II;Gymnasium;männlich;Guatemala;1
tg;2009/2010;Sekundarstufe II;Gymnasium;weiblich;Chile;1
tg;2009/2010;Sekundarstufe II;Gymnasium;weiblich;Nordmazedonien;4
tg;2009/2010;Sekundarstufe I;Gymnasium;männlich;Nordmazedonien;1
tg;2009/2010;Sekundarstufe I;Gymnasium;männlich;Deutschland;3
tg;2009/2010;Sekundarstufe II;Handelsmittelschulen;weiblich;Schweiz;86
tg;2009/2010;Sekundarstufe II;Passerelle;männlich;Schweiz;9
tg;2009/2010;Sekundarstufe II;Gymnasium;männlich;Grossbritannien;1
tg;2009/2010;Sekundarstufe II;Gymnasium;weiblich;China;1
tg;2009/2010;Sekundarstufe II;Handelsmittelschulen;weiblich;Nordmazedonien;1
tg;2009/2010;Sekundarstufe II;Fachmittelschulen;weiblich;Deutschland;3
tg;2009/2010;Sekundarstufe II;Gymnasium;weiblich;Frankreich;1
tg;2009/2010;Sekundarstufe II;Fachmittelschulen;weiblich;Vereinigte Staaten;1
tg;2009/2010;Sekundarstufe II;Fachmittelschulen;weiblich;Italien;3
tg;2009/2010;Sekundarstufe I;Gymnasium;männlich;Serbien;1
tg;2009/2010;Sekundarstufe II;Gymnasium;weiblich;Mauretanien;2
tg;2009/2010;Sekundarstufe II;Fachmittelschulen;männlich;Schweiz;21
tg;2009/2010;Sekundarstufe II;Gymnasium;weiblich;Österreich;1
tg;2009/2010;Sekundarstufe I;Gymnasium;männlich;Italien;2
tg;2009/2010;Sekundarstufe II;Gymnasium;männlich;Türkei;6
tg;2009/2010;Sekundarstufe II;Gymnasium;männlich;Italien;6
tg;2009/2010;Sekundarstufe I;Gymnasium;weiblich;Schweiz;155
tg;2009/2010;Sekundarstufe II;Informatikmittelschulen;männlich;Nordmazedonien;1
tg;2009/2010;Sekundarstufe II;Gymnasium;männlich;Serbien;1
tg;2009/2010;Sekundarstufe II;Fachmittelschulen;weiblich;Türkei;2
tg;2009/2010;Sekundarstufe II;Gymnasium;männlich;Portugal;3
tg;2009/2010;Sekundarstufe II;Gymnasium;männlich;Kroatien;1
tg;2009/2010;Sekundarstufe II;Informatikmittelschulen;weiblich;Albanien;1
tg;2009/2010;Sekundarstufe II;Fachmittelschulen;weiblich;Liechtenstein;1
tg;2009/2010;Sekundarstufe II;Gymnasium;männlich;Schweiz;563
tg;2009/2010;Sekundarstufe II;Gymnasium;männlich;Tschechische Republik;1
tg;2009/2010;Sekundarstufe II;Fachmittelschulen;weiblich;Kroatien;1
tg;2009/2010;Sekundarstufe II;Gymnasium;weiblich;Liechtenstein;2
tg;2009/2010;Sekundarstufe II;Gymnasium;männlich;Lettland;1
tg;2009/2010;Sekundarstufe II;Gymnasium;männlich;Bosnien-Herzegowina;1
tg;2009/2010;Sekundarstufe II;Gymnasium;männlich;Kolumbien;1
tg;2009/2010;Sekundarstufe I;Gymnasium;männlich;Grossbritannien;2
tg;2009/2010;Sekundarstufe II;Gymnasium;männlich;Nordmazedonien;8
tg;2009/2010;Sekundarstufe II;Informatikmittelschulen;männlich;Schweiz;49
tg;2009/2010;Sekundarstufe II;Fachmittelschulen;männlich;Sri Lanka;1
tg;2009/2010;Sekundarstufe II;Informatikmittelschulen;männlich;Portugal;1
tg;2009/2010;Sekundarstufe II;Gymnasium;weiblich;Russland;1
tg;2009/2010;Sekundarstufe II;Gymnasium;männlich;Slowenien;1
tg;2009/2010;Sekundarstufe II;Handelsmittelschulen;männlich;Italien;1
tg;2009/2010;Sekundarstufe II;Gymnasium;weiblich;Slowakische Republik;1
tg;2009/2010;Sekundarstufe II;Gymnasium;weiblich;Iran;1
tg;2009/2010;Sekundarstufe II;Gymnasium;weiblich;Kosovo;1
tg;2009/2010;Sekundarstufe II;Informatikmittelschulen;männlich;Kosovo;1
tg;2009/2010;Sekundarstufe I;Gymnasium;männlich;Türkei;2
tg;2009/2010;Sekundarstufe II;Gymnasium;weiblich;Rumänien;1
tg;2009/2010;Sekundarstufe I;Gymnasium;weiblich;Nordmazedonien;1
tg;2009/2010;Sekundarstufe II;Gymnasium;weiblich;Spanien;1
tg;2009/2010;Sekundarstufe II;Gymnasium;weiblich;Deutschland;31
tg;2010/2011;Sekundarstufe II;Gymnasium;weiblich;Mauretanien;1
tg;2010/2011;Sekundarstufe II;Gymnasium;weiblich;Österreich;2
tg;2010/2011;Sekundarstufe II;Gymnasium;männlich;Bosnien-Herzegowina;2
tg;2010/2011;Sekundarstufe II;Handelsmittelschulen;weiblich;Serbien;3
tg;2010/2011;Sekundarstufe II;Gymnasium;weiblich;Deutschland;33
tg;2010/2011;Sekundarstufe II;Informatikmittelschulen;männlich;Deutschland;1
tg;2010/2011;Sekundarstufe II;Gymnasium;männlich;Nordmazedonien;7
tg;2010/2011;Sekundarstufe II;Gymnasium;weiblich;Kosovo;2
tg;2010/2011;Sekundarstufe II;Fachmittelschulen;weiblich;Kroatien;1
tg;2010/2011;Sekundarstufe II;Gymnasium;männlich;Lettland;1
tg;2010/2011;Sekundarstufe II;Fachmittelschulen;weiblich;Mongolei;1
tg;2010/2011;Sekundarstufe I;Gymnasium;weiblich;Portugal;1
tg;2010/2011;Sekundarstufe II;Handelsmittelschulen;männlich;Schweiz;48
tg;2010/2011;Sekundarstufe I;Gymnasium;männlich;Kroatien;1
tg;2010/2011;Sekundarstufe II;Gymnasium;männlich;Argentinien;1
tg;2010/2011;Sekundarstufe I;Gymnasium;weiblich;Nordmazedonien;2
tg;2010/2011;Sekundarstufe II;Fachmittelschulen;weiblich;Italien;5
tg;2010/2011;Sekundarstufe II;Gymnasium;männlich;Portugal;2
tg;2010/2011;Sekundarstufe I;Gymnasium;männlich;Türkei;1
tg;2010/2011;Sekundarstufe II;Gymnasium;männlich;Slowenien;1
tg;2010/2011;Sekundarstufe II;Fachmittelschulen;weiblich;Schweiz;238
tg;2010/2011;Sekundarstufe II;Gymnasium;weiblich;Spanien;1
tg;2010/2011;Sekundarstufe II;Gymnasium;weiblich;Liechtenstein;2
tg;2010/2011;Sekundarstufe I;Gymnasium;männlich;Bosnien-Herzegowina;2
tg;2010/2011;Sekundarstufe II;Gymnasium;weiblich;Iran;1
tg;2010/2011;Sekundarstufe I;Gymnasium;männlich;Russland;1
tg;2010/2011;Sekundarstufe II;Fachmittelschulen;weiblich;Serbien;1
tg;2010/2011;Sekundarstufe II;Informatikmittelschulen;weiblich;Schweiz;2
tg;2010/2011;Sekundarstufe II;Informatikmittelschulen;männlich;Kosovo;2
tg;2010/2011;Sekundarstufe II;Passerelle;männlich;Schweiz;7
tg;2010/2011;Sekundarstufe II;Gymnasium;männlich;Schweiz;578
tg;2010/2011;Sekundarstufe II;Gymnasium;männlich;Grossbritannien;2
tg;2010/2011;Sekundarstufe I;Gymnasium;weiblich;Schweiz;131
tg;2010/2011;Sekundarstufe II;Fachmittelschulen;weiblich;Türkei;2
tg;2010/2011;Sekundarstufe II;Handelsmittelschulen;männlich;Bosnien-Herzegowina;1
tg;2010/2011;Sekundarstufe II;Informatikmittelschulen;männlich;Italien;1
tg;2010/2011;Sekundarstufe II;Fachmittelschulen;weiblich;Portugal;1
tg;2010/2011;Sekundarstufe I;Gymnasium;weiblich;Vietnam;1
tg;2010/2011;Sekundarstufe II;Gymnasium;weiblich;Thailand;1
tg;2010/2011;Sekundarstufe II;Gymnasium;männlich;Deutschland;17
tg;2010/2011;Sekundarstufe II;Gymnasium;männlich;Serbien;2
tg;2010/2011;Sekundarstufe I;Gymnasium;männlich;Serbien;1
tg;2010/2011;Sekundarstufe I;Gymnasium;männlich;Deutschland;7
tg;2010/2011;Sekundarstufe II;Fachmittelschulen;männlich;Sri Lanka;1
tg;2010/2011;Sekundarstufe II;Handelsmittelschulen;männlich;Serbien;1
tg;2010/2011;Sekundarstufe II;Gymnasium;männlich;Türkei;6
tg;2010/2011;Sekundarstufe II;Gymnasium;weiblich;China;3
tg;2010/2011;Sekundarstufe II;Fachmittelschulen;weiblich;Nordmazedonien;4
tg;2010/2011;Sekundarstufe II;Gymnasium;weiblich;Nicaragua;1
tg;2010/2011;Sekundarstufe II;Gymnasium;männlich;Italien;4
tg;2010/2011;Sekundarstufe II;Handelsmittelschulen;weiblich;Kosovo;1
tg;2010/2011;Sekundarstufe II;Gymnasium;weiblich;Frankreich;1
tg;2010/2011;Sekundarstufe I;Gymnasium;weiblich;Türkei;1
tg;2010/2011;Sekundarstufe II;Gymnasium;männlich;Österreich;2
tg;2010/2011;Sekundarstufe I;Gymnasium;männlich;Nordmazedonien;3
tg;2010/2011;Sekundarstufe II;Fachmittelschulen;weiblich;Liechtenstein;1
tg;2010/2011;Sekundarstufe II;Fachmittelschulen;männlich;Schweiz;21
tg;2010/2011;Sekundarstufe II;Gymnasium;weiblich;Irak;1
tg;2010/2011;Sekundarstufe II;Handelsmittelschulen;weiblich;Schweiz;78
tg;2010/2011;Sekundarstufe II;Gymnasium;weiblich;Portugal;1
tg;2010/2011;Sekundarstufe I;Gymnasium;weiblich;Grossbritannien;1
tg;2010/2011;Sekundarstufe II;Gymnasium;weiblich;Türkei;3
tg;2010/2011;Sekundarstufe II;Gymnasium;weiblich;Finnland;1
tg;2010/2011;Sekundarstufe II;Passerelle;männlich;Bosnien-Herzegowina;1
tg;2010/2011;Sekundarstufe II;Informatikmittelschulen;männlich;Schweiz;52
tg;2010/2011;Sekundarstufe I;Gymnasium;männlich;Sri Lanka;1
tg;2010/2011;Sekundarstufe II;Fachmittelschulen;männlich;Serbien;1
tg;2010/2011;Sekundarstufe II;Handelsmittelschulen;weiblich;Nordmazedonien;4
tg;2010/2011;Sekundarstufe II;Gymnasium;weiblich;Russland;1
tg;2010/2011;Sekundarstufe II;Gymnasium;weiblich;Brasilien;1
tg;2010/2011;Sekundarstufe II;Gymnasium;weiblich;Nordmazedonien;5
tg;2010/2011;Sekundarstufe II;Gymnasium;weiblich;Vereinigte Staaten;1
tg;2010/2011;Sekundarstufe II;Fachmittelschulen;weiblich;Deutschland;3
tg;2010/2011;Sekundarstufe II;Gymnasium;weiblich;Italien;4
tg;2010/2011;Sekundarstufe II;Gymnasium;weiblich;Grossbritannien;1
tg;2010/2011;Sekundarstufe II;Gymnasium;weiblich;Serbien;4
tg;2010/2011;Sekundarstufe I;Gymnasium;männlich;Schweiz;139
tg;2010/2011;Sekundarstufe II;Handelsmittelschulen;weiblich;Türkei;1
tg;2010/2011;Sekundarstufe I;Gymnasium;männlich;Mauretanien;1
tg;2010/2011;Sekundarstufe II;Gymnasium;weiblich;Schweiz;884
tg;2010/2011;Sekundarstufe II;Gymnasium;weiblich;Kongo (Brazzaville);1
tg;2010/2011;Sekundarstufe II;Fachmittelschulen;männlich;Nordmazedonien;1
tg;2010/2011;Sekundarstufe II;Handelsmittelschulen;weiblich;Bosnien-Herzegowina;1
tg;2010/2011;Sekundarstufe II;Handelsmittelschulen;männlich;Deutschland;2
tg;2010/2011;Sekundarstufe I;Gymnasium;weiblich;Serbien;1
tg;2010/2011;Sekundarstufe II;Informatikmittelschulen;männlich;Nordmazedonien;2
tg;2010/2011;Sekundarstufe II;Gymnasium;weiblich;Albanien;2
tg;2010/2011;Sekundarstufe I;Gymnasium;weiblich;Italien;1
tg;2010/2011;Sekundarstufe II;Gymnasium;weiblich;Kroatien;1
tg;2010/2011;Sekundarstufe II;Handelsmittelschulen;männlich;Kosovo;1
tg;2010/2011;Sekundarstufe I;Gymnasium;weiblich;Deutschland;11
tg;2010/2011;Sekundarstufe II;Informatikmittelschulen;männlich;Bangladesh;1
tg;2010/2011;Sekundarstufe II;Gymnasium;männlich;Mauretanien;3
tg;2010/2011;Sekundarstufe II;Passerelle;weiblich;Schweiz;8
tg;2010/2011;Sekundarstufe II;Gymnasium;weiblich;Japan;1
tg;2010/2011;Sekundarstufe II;Informatikmittelschulen;männlich;Portugal;1
tg;2011/2012;Sekundarstufe II;Passerelle;weiblich;Schweiz;6
tg;2011/2012;Sekundarstufe II;Fachmittelschulen;weiblich;Thailand;1
tg;2011/2012;Sekundarstufe II;Handelsmittelschulen;weiblich;Bulgarien;1
tg;2011/2012;Sekundarstufe I;Gymnasium;weiblich;Türkei;3
tg;2011/2012;Sekundarstufe II;Gymnasium;weiblich;Pakistan;1
tg;2011/2012;Sekundarstufe II;Gymnasium;weiblich;Albanien;1
tg;2011/2012;Sekundarstufe I;Gymnasium;männlich;Schweiz;111
tg;2011/2012;Sekundarstufe II;Handelsmittelschulen;männlich;Schweiz;61
tg;2011/2012;Sekundarstufe II;Fachmittelschulen;weiblich;Nordmazedonien;2
tg;2011/2012;Sekundarstufe II;Fachmittelschulen;weiblich;Dominikanische Republik;1
tg;2011/2012;Sekundarstufe II;Fachmittelschulen;weiblich;Deutschland;4
tg;2011/2012;Sekundarstufe II;Gymnasium;weiblich;Italien;7
tg;2011/2012;Sekundarstufe II;Gymnasium;weiblich;Grossbritannien;1
tg;2011/2012;Sekundarstufe II;Gymnasium;weiblich;Schweiz;847
tg;2011/2012;Sekundarstufe II;Gymnasium;weiblich;Malaysia;1
tg;2011/2012;Sekundarstufe II;Informatikmittelschulen;männlich;Bangladesh;1
tg;2011/2012;Sekundarstufe II;Fachmittelschulen;männlich;Nordmazedonien;2
tg;2011/2012;Sekundarstufe II;Fachmittelschulen;weiblich;Portugal;1
tg;2011/2012;Sekundarstufe I;Gymnasium;weiblich;Nordmazedonien;1
tg;2011/2012;Sekundarstufe II;Gymnasium;weiblich;Serbien;2
tg;2011/2012;Sekundarstufe II;Gymnasium;weiblich;Kongo (Brazzaville);1
tg;2011/2012;Sekundarstufe I;Gymnasium;weiblich;Deutschland;5
tg;2011/2012;Sekundarstufe II;Informatikmittelschulen;männlich;Schweiz;56
tg;2011/2012;Sekundarstufe II;Fachmittelschulen;weiblich;Staat unbekannt;1
tg;2011/2012;Sekundarstufe I;Gymnasium;männlich;Griechenland;1
tg;2011/2012;Sekundarstufe II;Gymnasium;weiblich;Irak;1
tg;2011/2012;Sekundarstufe II;Gymnasium;männlich;Spanien;1
tg;2011/2012;Sekundarstufe II;Gymnasium;männlich;Kosovo;2
tg;2011/2012;Sekundarstufe II;Gymnasium;weiblich;Russland;1
tg;2011/2012;Sekundarstufe II;Gymnasium;weiblich;Portugal;3
tg;2011/2012;Sekundarstufe II;Gymnasium;männlich;Nigeria;1
tg;2011/2012;Sekundarstufe II;Fachmittelschulen;männlich;Staat unbekannt;1
tg;2011/2012;Sekundarstufe II;Fachmittelschulen;weiblich;Türkei;4
tg;2011/2012;Sekundarstufe II;Handelsmittelschulen;weiblich;Türkei;1
tg;2011/2012;Sekundarstufe II;Gymnasium;weiblich;Nordmazedonien;6
tg;2011/2012;Sekundarstufe II;Handelsmittelschulen;weiblich;Serbien;2
tg;2011/2012;Sekundarstufe II;Gymnasium;männlich;Mauretanien;4
tg;2011/2012;Sekundarstufe II;Informatikmittelschulen;männlich;Portugal;1
tg;2011/2012;Sekundarstufe II;Gymnasium;männlich;Sri Lanka;1
tg;2011/2012;Sekundarstufe II;Gymnasium;weiblich;Türkei;1
tg;2011/2012;Sekundarstufe II;Gymnasium;weiblich;Neuseeland;1
tg;2011/2012;Sekundarstufe II;Fachmittelschulen;weiblich;Serbien;1
tg;2011/2012;Sekundarstufe II;Fachmittelschulen;weiblich;Kroatien;3
tg;2011/2012;Sekundarstufe II;Fachmittelschulen;männlich;Schweiz;27
tg;2011/2012;Sekundarstufe II;Gymnasium;männlich;Deutschland;21
tg;2011/2012;Sekundarstufe II;Fachmittelschulen;weiblich;Schweden;1
tg;2011/2012;Sekundarstufe II;Informatikmittelschulen;männlich;Nordmazedonien;3
tg;2011/2012;Sekundarstufe II;Fachmittelschulen;weiblich;Mongolei;1
tg;2011/2012;Sekundarstufe II;Gymnasium;männlich;Österreich;2
tg;2011/2012;Sekundarstufe I;Gymnasium;weiblich;Italien;1
tg;2011/2012;Sekundarstufe II;Fachmittelschulen;männlich;Sri Lanka;1
tg;2011/2012;Sekundarstufe II;Fachmittelschulen;weiblich;Schweiz;245
tg;2011/2012;Sekundarstufe I;Gymnasium;männlich;Kosovo;1
tg;2011/2012;Sekundarstufe II;Fachmittelschulen;weiblich;Italien;2
tg;2011/2012;Sekundarstufe II;Gymnasium;männlich;Kroatien;2
tg;2011/2012;Sekundarstufe II;Gymnasium;männlich;Chile;1
tg;2011/2012;Sekundarstufe II;Fachmittelschulen;weiblich;Norwegen;1
tg;2011/2012;Sekundarstufe II;Fachmittelschulen;weiblich;China;1
tg;2011/2012;Sekundarstufe I;Gymnasium;weiblich;Mauretanien;1
tg;2011/2012;Sekundarstufe II;Passerelle;männlich;Schweiz;8
tg;2011/2012;Sekundarstufe II;Gymnasium;weiblich;China;1
tg;2011/2012;Sekundarstufe II;Informatikmittelschulen;männlich;Kosovo;1
tg;2011/2012;Sekundarstufe I;Gymnasium;weiblich;Schweiz;152
tg;2011/2012;Sekundarstufe II;Gymnasium;männlich;Italien;2
tg;2011/2012;Sekundarstufe II;Handelsmittelschulen;weiblich;Nordmazedonien;3
tg;2011/2012;Sekundarstufe II;Handelsmittelschulen;weiblich;Schweiz;67
tg;2011/2012;Sekundarstufe I;Gymnasium;männlich;Türkei;1
tg;2011/2012;Sekundarstufe II;Gymnasium;männlich;Serbien;2
tg;2011/2012;Sekundarstufe II;Gymnasium;männlich;Grossbritannien;2
tg;2011/2012;Sekundarstufe I;Gymnasium;männlich;Deutschland;2
tg;2011/2012;Sekundarstufe II;Informatikmittelschulen;weiblich;Schweiz;2
tg;2011/2012;Sekundarstufe II;Gymnasium;männlich;Schweiz;578
tg;2011/2012;Sekundarstufe II;Gymnasium;weiblich;Kanada;1
tg;2011/2012;Sekundarstufe II;Gymnasium;männlich;Nordmazedonien;6
tg;2011/2012;Sekundarstufe II;Gymnasium;weiblich;Kosovo;2
tg;2011/2012;Sekundarstufe II;Gymnasium;männlich;Mexiko;1
tg;2011/2012;Sekundarstufe II;Gymnasium;männlich;Portugal;2
tg;2011/2012;Sekundarstufe II;Handelsmittelschulen;männlich;Bosnien-Herzegowina;1
tg;2011/2012;Sekundarstufe I;Gymnasium;männlich;Russland;1
tg;2011/2012;Sekundarstufe II;Fachmittelschulen;weiblich;Kosovo;2
tg;2011/2012;Sekundarstufe II;Gymnasium;weiblich;Mauretanien;1
tg;2011/2012;Sekundarstufe II;Gymnasium;männlich;Türkei;5
tg;2011/2012;Sekundarstufe II;Handelsmittelschulen;weiblich;Kosovo;1
tg;2011/2012;Sekundarstufe II;Fachmittelschulen;weiblich;Australien;2
tg;2011/2012;Sekundarstufe II;Handelsmittelschulen;männlich;Kosovo;1
tg;2011/2012;Sekundarstufe I;Gymnasium;weiblich;Kosovo;2
tg;2011/2012;Sekundarstufe II;Fachmittelschulen;männlich;Deutschland;3
tg;2011/2012;Sekundarstufe II;Gymnasium;weiblich;Liechtenstein;1
tg;2011/2012;Sekundarstufe I;Gymnasium;männlich;Albanien;1
tg;2011/2012;Sekundarstufe II;Gymnasium;weiblich;Vietnam;1
tg;2011/2012;Sekundarstufe II;Gymnasium;weiblich;Slowakische Republik;1
tg;2011/2012;Sekundarstufe II;Gymnasium;weiblich;Österreich;2
tg;2011/2012;Sekundarstufe II;Gymnasium;männlich;Bosnien-Herzegowina;4
tg;2011/2012;Sekundarstufe II;Gymnasium;weiblich;Deutschland;32
tg;2012/2013;Sekundarstufe II;Informatikmittelschulen;männlich;Bosnien-Herzegowina;1
tg;2012/2013;Sekundarstufe II;Gymnasium;weiblich;Mauretanien;1
tg;2012/2013;Sekundarstufe II;Gymnasium;weiblich;Deutschland;29
tg;2012/2013;Sekundarstufe II;Handelsmittelschulen;weiblich;Italien;1
tg;2012/2013;Sekundarstufe II;Handelsmittelschulen;weiblich;Serbien;1
tg;2012/2013;Sekundarstufe II;Handelsmittelschulen;männlich;Schweiz;61
tg;2012/2013;Sekundarstufe II;Handelsmittelschulen;weiblich;Bulgarien;1
tg;2012/2013;Sekundarstufe II;Gymnasium;männlich;Türkei;4
tg;2012/2013;Sekundarstufe II;Handelsmittelschulen;weiblich;Kosovo;2
tg;2012/2013;Sekundarstufe II;Fachmittelschulen;weiblich;Portugal;3
tg;2012/2013;Sekundarstufe II;Gymnasium;männlich;Russland;1
tg;2012/2013;Sekundarstufe II;Gymnasium;männlich;Brasilien;1
tg;2012/2013;Sekundarstufe I;Gymnasium;weiblich;Kosovo;1
tg;2012/2013;Sekundarstufe II;Gymnasium;männlich;Italien;2
tg;2012/2013;Sekundarstufe II;Gymnasium;weiblich;Österreich;1
tg;2012/2013;Sekundarstufe I;Gymnasium;weiblich;Nordmazedonien;2
tg;2012/2013;Sekundarstufe II;Fachmittelschulen;männlich;Deutschland;1
tg;2012/2013;Sekundarstufe I;Gymnasium;männlich;Grossbritannien;1
tg;2012/2013;Sekundarstufe II;Informatikmittelschulen;männlich;Slowenien;1
tg;2012/2013;Sekundarstufe II;Fachmittelschulen;weiblich;Staat unbekannt;1
tg;2012/2013;Sekundarstufe II;Gymnasium;weiblich;Honduras;1
tg;2012/2013;Sekundarstufe II;Fachmittelschulen;weiblich;Kroatien;3
tg;2012/2013;Sekundarstufe II;Fachmittelschulen;weiblich;Schweiz;239
tg;2012/2013;Sekundarstufe II;Gymnasium;männlich;Nordmazedonien;4
tg;2012/2013;Sekundarstufe II;Gymnasium;weiblich;Liechtenstein;1
tg;2012/2013;Sekundarstufe II;Fachmittelschulen;weiblich;Mongolei;2
tg;2012/2013;Sekundarstufe II;Gymnasium;männlich;Griechenland;2
tg;2012/2013;Sekundarstufe I;Gymnasium;weiblich;Portugal;1
tg;2012/2013;Sekundarstufe II;Gymnasium;männlich;Schweiz;549
tg;2012/2013;Sekundarstufe II;Gymnasium;männlich;Serbien;2
tg;2012/2013;Sekundarstufe II;Gymnasium;männlich;Bosnien-Herzegowina;3
tg;2012/2013;Sekundarstufe II;Gymnasium;männlich;Grossbritannien;2
tg;2012/2013;Sekundarstufe II;Informatikmittelschulen;weiblich;Schweiz;2
tg;2012/2013;Sekundarstufe II;Gymnasium;männlich;Tschechische Republik;1
tg;2012/2013;Sekundarstufe II;Fachmittelschulen;weiblich;Türkei;7
tg;2012/2013;Sekundarstufe II;Gymnasium;männlich;Albanien;1
tg;2012/2013;Sekundarstufe II;Gymnasium;männlich;Kroatien;2
tg;2012/2013;Sekundarstufe I;Gymnasium;männlich;Italien;1
tg;2012/2013;Sekundarstufe II;Handelsmittelschulen;männlich;Bosnien-Herzegowina;1
tg;2012/2013;Sekundarstufe I;Gymnasium;weiblich;Sri Lanka;1
tg;2012/2013;Sekundarstufe II;Gymnasium;weiblich;Kosovo;3
tg;2012/2013;Sekundarstufe II;Informatikmittelschulen;männlich;Kosovo;1
tg;2012/2013;Sekundarstufe II;Fachmittelschulen;weiblich;Schweden;1
tg;2012/2013;Sekundarstufe II;Gymnasium;männlich;Japan;1
tg;2012/2013;Sekundarstufe II;Passerelle;männlich;Schweiz;12
tg;2012/2013;Sekundarstufe I;Gymnasium;weiblich;Schweiz;131
tg;2012/2013;Sekundarstufe I;Gymnasium;männlich;Deutschland;3
tg;2012/2013;Sekundarstufe II;Fachmittelschulen;männlich;Schweiz;28
tg;2012/2013;Sekundarstufe II;Informatikmittelschulen;männlich;Nordmazedonien;3
tg;2012/2013;Sekundarstufe II;Fachmittelschulen;weiblich;Deutschland;5
tg;2012/2013;Sekundarstufe II;Fachmittelschulen;weiblich;Dominikanische Republik;1
tg;2012/2013;Sekundarstufe I;Gymnasium;weiblich;Italien;3
tg;2012/2013;Sekundarstufe II;Gymnasium;weiblich;Nordmazedonien;5
tg;2012/2013;Sekundarstufe I;Gymnasium;weiblich;Ungarn;1
tg;2012/2013;Sekundarstufe II;Handelsmittelschulen;männlich;Kosovo;1
tg;2012/2013;Sekundarstufe II;Gymnasium;männlich;Österreich;2
tg;2012/2013;Sekundarstufe II;Fachmittelschulen;weiblich;Italien;3
tg;2012/2013;Sekundarstufe II;Fachmittelschulen;männlich;Staat unbekannt;1
tg;2012/2013;Sekundarstufe II;Handelsmittelschulen;weiblich;Schweiz;56
tg;2012/2013;Sekundarstufe II;Gymnasium;männlich;Deutschland;16
tg;2012/2013;Sekundarstufe I;Gymnasium;männlich;Mauretanien;1
tg;2012/2013;Sekundarstufe II;Fachmittelschulen;männlich;Sri Lanka;1
tg;2012/2013;Sekundarstufe II;Gymnasium;männlich;Mauretanien;3
tg;2012/2013;Sekundarstufe II;Gymnasium;weiblich;Pakistan;1
tg;2012/2013;Sekundarstufe II;Gymnasium;weiblich;Türkei;1
tg;2012/2013;Sekundarstufe I;Gymnasium;männlich;Portugal;1
tg;2012/2013;Sekundarstufe II;Informatikmittelschulen;männlich;Sri Lanka;1
tg;2012/2013;Sekundarstufe II;Gymnasium;männlich;Kosovo;2
tg;2012/2013;Sekundarstufe I;Gymnasium;weiblich;Spanien;2
tg;2012/2013;Sekundarstufe II;Fachmittelschulen;weiblich;Norwegen;1
tg;2012/2013;Sekundarstufe II;Gymnasium;männlich;Sri Lanka;1
tg;2012/2013;Sekundarstufe I;Gymnasium;männlich;Nordmazedonien;1
tg;2012/2013;Sekundarstufe II;Fachmittelschulen;weiblich;Serbien;2
tg;2012/2013;Sekundarstufe II;Gymnasium;weiblich;Irak;1
tg;2012/2013;Sekundarstufe II;Fachmittelschulen;weiblich;Thailand;1
tg;2012/2013;Sekundarstufe II;Gymnasium;weiblich;Italien;10
tg;2012/2013;Sekundarstufe II;Gymnasium;weiblich;Serbien;1
tg;2012/2013;Sekundarstufe II;Informatikmittelschulen;männlich;Bangladesh;1
tg;2012/2013;Sekundarstufe I;Gymnasium;weiblich;Deutschland;3
tg;2012/2013;Sekundarstufe II;Gymnasium;weiblich;Schweiz;840
tg;2012/2013;Sekundarstufe II;Gymnasium;weiblich;Grossbritannien;1
tg;2012/2013;Sekundarstufe II;Handelsmittelschulen;weiblich;Nordmazedonien;3
tg;2012/2013;Sekundarstufe II;Gymnasium;weiblich;Kroatien;1
tg;2012/2013;Sekundarstufe II;Informatikmittelschulen;männlich;Schweiz;54
tg;2012/2013;Sekundarstufe II;Gymnasium;weiblich;Tschechische Republik;1
tg;2012/2013;Sekundarstufe I;Gymnasium;männlich;Schweiz;124
tg;2012/2013;Sekundarstufe II;Handelsmittelschulen;weiblich;Türkei;1
tg;2012/2013;Sekundarstufe II;Gymnasium;weiblich;Finnland;1
tg;2012/2013;Sekundarstufe I;Gymnasium;weiblich;Slowenien;1
tg;2012/2013;Sekundarstufe II;Passerelle;weiblich;Schweiz;3
tg;2012/2013;Sekundarstufe II;Fachmittelschulen;männlich;Nordmazedonien;2
tg;2012/2013;Sekundarstufe II;Gymnasium;weiblich;Paraguay;1
tg;2012/2013;Sekundarstufe II;Gymnasium;weiblich;Bosnien-Herzegowina;1
tg;2012/2013;Sekundarstufe II;Fachmittelschulen;weiblich;Mauretanien;1
tg;2012/2013;Sekundarstufe II;Fachmittelschulen;weiblich;Kosovo;3
tg;2012/2013;Sekundarstufe II;Gymnasium;weiblich;Portugal;2
tg;2013/2014;Sekundarstufe II;Fachmittelschulen;männlich;Italien;1
tg;2013/2014;Sekundarstufe II;Gymnasium;weiblich;Sri Lanka;1
tg;2013/2014;Sekundarstufe II;Fachmittelschulen;weiblich;Kosovo;3
tg;2013/2014;Sekundarstufe II;Fachmittelschulen;männlich;Nordmazedonien;2
tg;2013/2014;Sekundarstufe II;Gymnasium;männlich;Türkei;2
tg;2013/2014;Sekundarstufe II;Handelsmittelschulen;weiblich;Schweiz;49
tg;2013/2014;Sekundarstufe II;Gymnasium;weiblich;Mauretanien;2
tg;2013/2014;Sekundarstufe I;Gymnasium;männlich;Schweiz;126
tg;2013/2014;Sekundarstufe II;Fachmittelschulen;weiblich;Mauretanien;1
tg;2013/2014;Sekundarstufe I;Gymnasium;weiblich;Kroatien;1
tg;2013/2014;Sekundarstufe II;Gymnasium;männlich;Grossbritannien;1
tg;2013/2014;Sekundarstufe II;Gymnasium;männlich;Serbien;2
tg;2013/2014;Sekundarstufe II;Gymnasium;männlich;Deutschland;25
tg;2013/2014;Sekundarstufe II;Gymnasium;männlich;Albanien;1
tg;2013/2014;Sekundarstufe II;Fachmittelschulen;weiblich;Serbien;1
tg;2013/2014;Sekundarstufe II;Handelsmittelschulen;weiblich;Nordmazedonien;1
tg;2013/2014;Sekundarstufe II;Passerelle;männlich;Deutschland;2
tg;2013/2014;Sekundarstufe I;Gymnasium;weiblich;Deutschland;5
tg;2013/2014;Sekundarstufe II;Informatikmittelschulen;männlich;Schweiz;52
tg;2013/2014;Sekundarstufe I;Gymnasium;weiblich;Türkei;2
tg;2013/2014;Sekundarstufe II;Gymnasium;weiblich;Spanien;2
tg;2013/2014;Sekundarstufe II;Gymnasium;weiblich;Kanada;1
tg;2013/2014;Sekundarstufe II;Gymnasium;weiblich;Schweiz;825
tg;2013/2014;Sekundarstufe II;Gymnasium;männlich;Bosnien-Herzegowina;2
tg;2013/2014;Sekundarstufe II;Fachmittelschulen;männlich;Schweiz;32
tg;2013/2014;Sekundarstufe II;Fachmittelschulen;männlich;Portugal;1
tg;2013/2014;Sekundarstufe II;Gymnasium;weiblich;Kosovo;3
tg;2013/2014;Sekundarstufe II;Informatikmittelschulen;männlich;Sri Lanka;1
tg;2013/2014;Sekundarstufe I;Gymnasium;männlich;Portugal;1
tg;2013/2014;Sekundarstufe II;Fachmittelschulen;weiblich;Norwegen;1
tg;2013/2014;Sekundarstufe II;Gymnasium;männlich;Dänemark;1
tg;2013/2014;Sekundarstufe I;Gymnasium;männlich;Nordmazedonien;1
tg;2013/2014;Sekundarstufe II;Fachmittelschulen;männlich;Staat unbekannt;1
tg;2013/2014;Sekundarstufe I;Gymnasium;weiblich;Ungarn;1
tg;2013/2014;Sekundarstufe II;Gymnasium;männlich;Kroatien;2
tg;2013/2014;Sekundarstufe II;Gymnasium;männlich;Schweden;1
tg;2013/2014;Sekundarstufe II;Gymnasium;männlich;Italien;1
tg;2013/2014;Sekundarstufe II;Gymnasium;männlich;Finnland;1
tg;2013/2014;Sekundarstufe II;Gymnasium;männlich;Russland;1
tg;2013/2014;Sekundarstufe I;Gymnasium;weiblich;Italien;1
tg;2013/2014;Sekundarstufe II;Fachmittelschulen;weiblich;Italien;2
tg;2013/2014;Sekundarstufe II;Fachmittelschulen;weiblich;Deutschland;3
tg;2013/2014;Sekundarstufe II;Informatikmittelschulen;männlich;Nordmazedonien;2
tg;2013/2014;Sekundarstufe II;Gymnasium;weiblich;Norwegen;1
tg;2013/2014;Sekundarstufe II;Fachmittelschulen;weiblich;Vereinigte Staaten;1
tg;2013/2014;Sekundarstufe II;Gymnasium;männlich;Vereinigte Staaten;2
tg;2013/2014;Sekundarstufe II;Passerelle;männlich;Schweiz;13
tg;2013/2014;Sekundarstufe II;Gymnasium;weiblich;Österreich;1
tg;2013/2014;Sekundarstufe II;Gymnasium;männlich;Irak;1
tg;2013/2014;Sekundarstufe II;Gymnasium;männlich;Mauretanien;2
tg;2013/2014;Sekundarstufe II;Gymnasium;weiblich;Kroatien;1
tg;2013/2014;Sekundarstufe I;Gymnasium;männlich;Deutschland;2
tg;2013/2014;Sekundarstufe II;Gymnasium;weiblich;Türkei;2
tg;2013/2014;Sekundarstufe II;Fachmittelschulen;weiblich;Türkei;7
tg;2013/2014;Sekundarstufe II;Fachmittelschulen;weiblich;Nordmazedonien;2
tg;2013/2014;Sekundarstufe I;Gymnasium;weiblich;Schweiz;126
tg;2013/2014;Sekundarstufe II;Gymnasium;männlich;China;1
tg;2013/2014;Sekundarstufe II;Fachmittelschulen;weiblich;Schweden;1
tg;2013/2014;Sekundarstufe II;Gymnasium;weiblich;Serbien;1
tg;2013/2014;Sekundarstufe II;Gymnasium;männlich;Österreich;1
tg;2013/2014;Sekundarstufe II;Handelsmittelschulen;männlich;Bosnien-Herzegowina;1
tg;2013/2014;Sekundarstufe II;Gymnasium;weiblich;Ungarn;2
tg;2013/2014;Sekundarstufe I;Gymnasium;weiblich;Spanien;1
tg;2013/2014;Sekundarstufe II;Gymnasium;männlich;Griechenland;1
tg;2013/2014;Sekundarstufe I;Gymnasium;weiblich;Sri Lanka;1
tg;2013/2014;Sekundarstufe II;Gymnasium;männlich;Honduras;1
tg;2013/2014;Sekundarstufe II;Gymnasium;männlich;Nordmazedonien;4
tg;2013/2014;Sekundarstufe II;Handelsmittelschulen;weiblich;Bulgarien;1
tg;2013/2014;Sekundarstufe II;Gymnasium;weiblich;Deutschland;30
tg;2013/2014;Sekundarstufe II;Fachmittelschulen;männlich;Österreich;1
tg;2013/2014;Sekundarstufe II;Gymnasium;weiblich;Grossbritannien;1
tg;2013/2014;Sekundarstufe II;Gymnasium;weiblich;Slowenien;1
tg;2013/2014;Sekundarstufe II;Gymnasium;männlich;Neuseeland;1
tg;2013/2014;Sekundarstufe II;Gymnasium;männlich;Sri Lanka;1
tg;2013/2014;Sekundarstufe II;Informatikmittelschulen;weiblich;Schweiz;2
tg;2013/2014;Sekundarstufe II;Fachmittelschulen;weiblich;Mongolei;2
tg;2013/2014;Sekundarstufe II;Gymnasium;weiblich;Portugal;2
tg;2013/2014;Sekundarstufe I;Gymnasium;männlich;Spanien;1
tg;2013/2014;Sekundarstufe II;Fachmittelschulen;weiblich;Portugal;3
tg;2013/2014;Sekundarstufe II;Fachmittelschulen;weiblich;Schweiz;227
tg;2013/2014;Sekundarstufe II;Gymnasium;männlich;Schweiz;504
tg;2013/2014;Sekundarstufe II;Gymnasium;männlich;Kosovo;2
tg;2013/2014;Sekundarstufe II;Fachmittelschulen;männlich;Deutschland;1
tg;2013/2014;Sekundarstufe II;Gymnasium;weiblich;Italien;11
tg;2013/2014;Sekundarstufe II;Handelsmittelschulen;männlich;Schweiz;66
tg;2013/2014;Sekundarstufe I;Gymnasium;männlich;Türkei;2
tg;2013/2014;Sekundarstufe II;Gymnasium;männlich;Portugal;1
tg;2013/2014;Sekundarstufe I;Gymnasium;weiblich;Portugal;1
tg;2013/2014;Sekundarstufe II;Fachmittelschulen;weiblich;Kroatien;1
tg;2013/2014;Sekundarstufe II;Gymnasium;weiblich;Nordmazedonien;7
tg;2013/2014;Sekundarstufe II;Handelsmittelschulen;weiblich;Italien;1
tg;2013/2014;Sekundarstufe II;Informatikmittelschulen;männlich;Bosnien-Herzegowina;1
tg;2013/2014;Sekundarstufe II;Passerelle;weiblich;Schweiz;8
tg;2014/2015;Sekundarstufe II;Fachmittelschulen;männlich;Italien;1
tg;2014/2015;Sekundarstufe II;Gymnasium;weiblich;Slowenien;1
tg;2014/2015;Sekundarstufe II;Gymnasium;weiblich;Spanien;3
tg;2014/2015;Sekundarstufe II;Informatikmittelschulen;männlich;Bosnien-Herzegowina;1
tg;2014/2015;Sekundarstufe II;Gymnasium;männlich;Chile;2
tg;2014/2015;Sekundarstufe II;Gymnasium;weiblich;Deutschland;20
tg;2014/2015;Sekundarstufe I;Gymnasium;weiblich;Kosovo;1
tg;2014/2015;Sekundarstufe II;Handelsmittelschulen;männlich;Schweiz;52
tg;2014/2015;Sekundarstufe II;Handelsmittelschulen;weiblich;Bulgarien;1
tg;2014/2015;Sekundarstufe II;Gymnasium;männlich;Türkei;3
tg;2014/2015;Sekundarstufe II;Fachmittelschulen;männlich;Thailand;1
tg;2014/2015;Sekundarstufe II;Fachmittelschulen;weiblich;Schweiz;213
tg;2014/2015;Sekundarstufe II;Gymnasium;weiblich;Ungarn;3
tg;2014/2015;Sekundarstufe II;Passerelle;männlich;Schweiz;19
tg;2014/2015;Sekundarstufe II;Handelsmittelschulen;weiblich;Italien;1
tg;2014/2015;Sekundarstufe II;Informatikmittelschulen;männlich;Marokko;1
tg;2014/2015;Sekundarstufe II;Gymnasium;männlich;Griechenland;1
tg;2014/2015;Sekundarstufe II;Gymnasium;männlich;Nordmazedonien;3
tg;2014/2015;Sekundarstufe II;Gymnasium;weiblich;Indien;1
tg;2014/2015;Sekundarstufe II;Fachmittelschulen;weiblich;Polen;1
tg;2014/2015;Sekundarstufe II;Gymnasium;männlich;Italien;2
tg;2014/2015;Sekundarstufe II;Gymnasium;männlich;Albanien;1
tg;2014/2015;Sekundarstufe II;Gymnasium;weiblich;Mauretanien;2
tg;2014/2015;Sekundarstufe II;Gymnasium;männlich;Vereinigte Staaten;1
tg;2014/2015;Sekundarstufe II;Fachmittelschulen;weiblich;Portugal;4
tg;2014/2015;Sekundarstufe II;Gymnasium;männlich;Japan;1
tg;2014/2015;Sekundarstufe II;Gymnasium;weiblich;Südafrika;1
tg;2014/2015;Sekundarstufe I;Gymnasium;männlich;Spanien;1
tg;2014/2015;Sekundarstufe I;Gymnasium;männlich;Deutschland;1
tg;2014/2015;Sekundarstufe II;Gymnasium;männlich;Grossbritannien;1
tg;2014/2015;Sekundarstufe I;Gymnasium;männlich;Italien;3
tg;2014/2015;Sekundarstufe II;Informatikmittelschulen;weiblich;Schweiz;4
tg;2014/2015;Sekundarstufe II;Gymnasium;männlich;Schweiz;491
tg;2014/2015;Sekundarstufe II;Gymnasium;männlich;Schweden;1
tg;2014/2015;Sekundarstufe II;Fachmittelschulen;männlich;Nigeria;1
tg;2014/2015;Sekundarstufe II;Gymnasium;weiblich;Norwegen;1
tg;2014/2015;Sekundarstufe II;Gymnasium;weiblich;Kosovo;3
tg;2014/2015;Sekundarstufe II;Gymnasium;weiblich;Italien;10
tg;2014/2015;Sekundarstufe I;Gymnasium;weiblich;Schweiz;135
tg;2014/2015;Sekundarstufe II;Fachmittelschulen;weiblich;Mongolei;2
tg;2014/2015;Sekundarstufe II;Gymnasium;männlich;Dänemark;1
tg;2014/2015;Sekundarstufe II;Fachmittelschulen;männlich;Österreich;1
tg;2014/2015;Sekundarstufe II;Fachmittelschulen;weiblich;Nordmazedonien;5
tg;2014/2015;Sekundarstufe I;Gymnasium;weiblich;Sri Lanka;2
tg;2014/2015;Sekundarstufe I;Gymnasium;weiblich;Portugal;1
tg;2014/2015;Sekundarstufe II;Fachmittelschulen;männlich;Kosovo;1
tg;2014/2015;Sekundarstufe II;Fachmittelschulen;weiblich;Bosnien-Herzegowina;1
tg;2014/2015;Sekundarstufe II;Gymnasium;männlich;Portugal;1
tg;2014/2015;Sekundarstufe II;Gymnasium;männlich;Bosnien-Herzegowina;1
tg;2014/2015;Sekundarstufe II;Fachmittelschulen;weiblich;Türkei;4
tg;2014/2015;Sekundarstufe II;Handelsmittelschulen;männlich;Portugal;1
tg;2014/2015;Sekundarstufe II;Gymnasium;männlich;Argentinien;1
tg;2014/2015;Sekundarstufe II;Gymnasium;männlich;Mauretanien;1
tg;2014/2015;Sekundarstufe II;Gymnasium;weiblich;Sri Lanka;2
tg;2014/2015;Sekundarstufe II;Informatikmittelschulen;männlich;Nordmazedonien;2
tg;2014/2015;Sekundarstufe II;Fachmittelschulen;weiblich;Italien;3
tg;2014/2015;Sekundarstufe II;Passerelle;männlich;Deutschland;1
tg;2014/2015;Sekundarstufe II;Gymnasium;männlich;Spanien;1
tg;2014/2015;Sekundarstufe II;Fachmittelschulen;weiblich;Deutschland;3
tg;2014/2015;Sekundarstufe II;Gymnasium;weiblich;Nordmazedonien;4
tg;2014/2015;Sekundarstufe II;Gymnasium;weiblich;Griechenland;1
tg;2014/2015;Sekundarstufe II;Gymnasium;weiblich;Türkei;4
tg;2014/2015;Sekundarstufe I;Gymnasium;männlich;Nordmazedonien;1
tg;2014/2015;Sekundarstufe II;Gymnasium;männlich;Österreich;1
tg;2014/2015;Sekundarstufe II;Gymnasium;männlich;Deutschland;15
tg;2014/2015;Sekundarstufe II;Informatikmittelschulen;männlich;Sri Lanka;1
tg;2014/2015;Sekundarstufe II;Fachmittelschulen;männlich;Schweiz;36
tg;2014/2015;Sekundarstufe I;Gymnasium;männlich;Mauretanien;1
tg;2014/2015;Sekundarstufe I;Gymnasium;weiblich;Nordmazedonien;1
tg;2014/2015;Sekundarstufe II;Fachmittelschulen;weiblich;Kroatien;1
tg;2014/2015;Sekundarstufe II;Passerelle;weiblich;Schweiz;13
tg;2014/2015;Sekundarstufe II;Gymnasium;männlich;Kosovo;1
tg;2014/2015;Sekundarstufe II;Fachmittelschulen;weiblich;Serbien;2
tg;2014/2015;Sekundarstufe I;Gymnasium;weiblich;Deutschland;6
tg;2014/2015;Sekundarstufe II;Gymnasium;männlich;Kanada;1
tg;2014/2015;Sekundarstufe II;Gymnasium;weiblich;Kroatien;2
tg;2014/2015;Sekundarstufe I;Gymnasium;männlich;Sri Lanka;2
tg;2014/2015;Sekundarstufe II;Informatikmittelschulen;männlich;Schweiz;51
tg;2014/2015;Sekundarstufe I;Gymnasium;weiblich;Italien;1
tg;2014/2015;Sekundarstufe II;Handelsmittelschulen;weiblich;Schweiz;38
tg;2014/2015;Sekundarstufe I;Gymnasium;männlich;Schweiz;124
tg;2014/2015;Sekundarstufe II;Fachmittelschulen;weiblich;Mauretanien;1
tg;2014/2015;Sekundarstufe II;Gymnasium;weiblich;Portugal;2
tg;2014/2015;Sekundarstufe II;Fachmittelschulen;weiblich;Kosovo;1
tg;2014/2015;Sekundarstufe II;Gymnasium;weiblich;Schweiz;809
tg;2014/2015;Sekundarstufe II;Fachmittelschulen;männlich;Nordmazedonien;1
tg;2014/2015;Sekundarstufe II;Gymnasium;männlich;Ukraine;1
tg;2014/2015;Sekundarstufe II;Fachmittelschulen;männlich;Türkei;2
tg;2014/2015;Sekundarstufe II;Gymnasium;weiblich;Dänemark;1
tg;2015/2016;Sekundarstufe II;Gymnasium;weiblich;Polen;1
tg;2015/2016;Sekundarstufe I;Gymnasium;männlich;Schweiz;129
tg;2015/2016;Sekundarstufe II;Gymnasium;weiblich;Tschechische Republik;1
tg;2015/2016;Sekundarstufe II;Fachmittelschulen;männlich;Chile;1
tg;2015/2016;Sekundarstufe II;Gymnasium;weiblich;Portugal;3
tg;2015/2016;Sekundarstufe II;Gymnasium;weiblich;Dänemark;1
tg;2015/2016;Sekundarstufe II;Fachmittelschulen;männlich;Türkei;2
tg;2015/2016;Sekundarstufe II;Gymnasium;männlich;Äthiopien;1
tg;2015/2016;Sekundarstufe II;Gymnasium;weiblich;Estland;1
tg;2015/2016;Sekundarstufe II;Passerelle;männlich;Kosovo;1
tg;2015/2016;Sekundarstufe II;Fachmittelschulen;weiblich;Frankreich;1
tg;2015/2016;Sekundarstufe I;Gymnasium;weiblich;Italien;2
tg;2015/2016;Sekundarstufe I;Gymnasium;weiblich;Nordmazedonien;1
tg;2015/2016;Sekundarstufe I;Gymnasium;männlich;Spanien;1
tg;2015/2016;Sekundarstufe II;Informatikmittelschulen;männlich;Portugal;1
tg;2015/2016;Sekundarstufe II;Passerelle;weiblich;Schweiz;19
tg;2015/2016;Sekundarstufe I;Gymnasium;männlich;Sri Lanka;1
tg;2015/2016;Sekundarstufe II;Informatikmittelschulen;männlich;Schweiz;61
tg;2015/2016;Sekundarstufe I;Gymnasium;weiblich;Deutschland;2
tg;2015/2016;Sekundarstufe II;Gymnasium;männlich;Kosovo;1
tg;2015/2016;Sekundarstufe II;Fachmittelschulen;weiblich;Russland;2
tg;2015/2016;Sekundarstufe II;Gymnasium;männlich;Deutschland;12
tg;2015/2016;Sekundarstufe II;Handelsmittelschulen;männlich;Schweiz;44
tg;2015/2016;Sekundarstufe II;Fachmittelschulen;männlich;Schweiz;37
tg;2015/2016;Sekundarstufe II;Gymnasium;weiblich;Australien;1
tg;2015/2016;Sekundarstufe II;Gymnasium;weiblich;Türkei;2
tg;2015/2016;Sekundarstufe I;Gymnasium;männlich;Mauretanien;1
tg;2015/2016;Sekundarstufe II;Gymnasium;männlich;Grossbritannien;1
tg;2015/2016;Sekundarstufe II;Gymnasium;männlich;Mauretanien;2
tg;2015/2016;Sekundarstufe II;Handelsmittelschulen;weiblich;Schweiz;29
tg;2015/2016;Sekundarstufe II;Fachmittelschulen;weiblich;Bosnien-Herzegowina;1
tg;2015/2016;Sekundarstufe II;Fachmittelschulen;männlich;Nordmazedonien;1
tg;2015/2016;Sekundarstufe II;Gymnasium;weiblich;Schweiz;820
tg;2015/2016;Sekundarstufe II;Gymnasium;weiblich;Nordmazedonien;3
tg;2015/2016;Sekundarstufe II;Informatikmittelschulen;männlich;Nordmazedonien;1
tg;2015/2016;Sekundarstufe I;Gymnasium;weiblich;Dänemark;1
tg;2015/2016;Sekundarstufe II;Gymnasium;männlich;Bahamas;1
tg;2015/2016;Sekundarstufe II;Fachmittelschulen;weiblich;Italien;1
tg;2015/2016;Sekundarstufe II;Fachmittelschulen;weiblich;Deutschland;6
tg;2015/2016;Sekundarstufe II;Gymnasium;männlich;Spanien;2
tg;2015/2016;Sekundarstufe II;Gymnasium;weiblich;Sri Lanka;4
tg;2015/2016;Sekundarstufe II;Fachmittelschulen;weiblich;Türkei;3
tg;2015/2016;Sekundarstufe I;Gymnasium;weiblich;Sri Lanka;1
tg;2015/2016;Sekundarstufe I;Gymnasium;weiblich;Polen;1
tg;2015/2016;Sekundarstufe II;Gymnasium;männlich;Portugal;1
tg;2015/2016;Sekundarstufe II;Gymnasium;männlich;Paraguay;1
tg;2015/2016;Sekundarstufe II;Informatikmittelschulen;männlich;Serbien;1
tg;2015/2016;Sekundarstufe I;Gymnasium;weiblich;Schweiz;134
tg;2015/2016;Sekundarstufe II;Informatikmittelschulen;weiblich;Schweiz;2
tg;2015/2016;Sekundarstufe II;Fachmittelschulen;männlich;Kosovo;1
tg;2015/2016;Sekundarstufe II;Informatikmittelschulen;männlich;Marokko;1
tg;2015/2016;Sekundarstufe II;Fachmittelschulen;männlich;Österreich;1
tg;2015/2016;Sekundarstufe II;Gymnasium;männlich;Dänemark;1
tg;2015/2016;Sekundarstufe I;Gymnasium;männlich;Italien;1
tg;2015/2016;Sekundarstufe II;Gymnasium;weiblich;Thailand;2
tg;2015/2016;Sekundarstufe II;Fachmittelschulen;weiblich;Mongolei;1
tg;2015/2016;Sekundarstufe II;Fachmittelschulen;weiblich;Irak;1
tg;2015/2016;Sekundarstufe II;Gymnasium;weiblich;Spanien;3
tg;2015/2016;Sekundarstufe II;Gymnasium;männlich;Griechenland;1
tg;2015/2016;Sekundarstufe II;Gymnasium;männlich;Nordmazedonien;5
tg;2015/2016;Sekundarstufe II;Fachmittelschulen;weiblich;Portugal;3
tg;2015/2016;Sekundarstufe II;Gymnasium;weiblich;Italien;10
tg;2015/2016;Sekundarstufe I;Gymnasium;männlich;Deutschland;1
tg;2015/2016;Sekundarstufe II;Gymnasium;männlich;Schweden;1
tg;2015/2016;Sekundarstufe I;Gymnasium;männlich;Afghanistan;1
tg;2015/2016;Sekundarstufe II;Gymnasium;männlich;Schweiz;508
tg;2015/2016;Sekundarstufe II;Gymnasium;weiblich;Norwegen;1
tg;2015/2016;Sekundarstufe II;Fachmittelschulen;weiblich;Nordmazedonien;5
tg;2015/2016;Sekundarstufe II;Gymnasium;männlich;Albanien;1
tg;2015/2016;Sekundarstufe II;Gymnasium;weiblich;Serbien;1
tg;2015/2016;Sekundarstufe II;Gymnasium;weiblich;Kosovo;2
tg;2015/2016;Sekundarstufe I;Gymnasium;männlich;Türkei;3
tg;2015/2016;Sekundarstufe II;Fachmittelschulen;weiblich;Polen;2
tg;2015/2016;Sekundarstufe II;Fachmittelschulen;weiblich;Schweiz;219
tg;2015/2016;Sekundarstufe II;Gymnasium;männlich;China;1
tg;2015/2016;Sekundarstufe II;Handelsmittelschulen;männlich;Portugal;1
tg;2015/2016;Sekundarstufe II;Gymnasium;weiblich;Deutschland;20
tg;2015/2016;Sekundarstufe II;Fachmittelschulen;männlich;Italien;1
tg;2015/2016;Sekundarstufe II;Passerelle;männlich;Schweiz;19
tg;2015/2016;Sekundarstufe II;Gymnasium;männlich;Italien;3
tg;2015/2016;Sekundarstufe II;Gymnasium;weiblich;Ungarn;2
tg;2015/2016;Sekundarstufe II;Gymnasium;weiblich;Mauretanien;2
tg;2015/2016;Sekundarstufe II;Gymnasium;männlich;Sri Lanka;2
tg;2015/2016;Sekundarstufe II;Informatikmittelschulen;männlich;Türkei;1
tg;2015/2016;Sekundarstufe II;Fachmittelschulen;weiblich;Österreich;1
tg;2015/2016;Sekundarstufe II;Gymnasium;männlich;Türkei;3
tg;2015/2016;Sekundarstufe II;Gymnasium;weiblich;Slowenien;1
tg;2015/2016;Sekundarstufe II;Informatikmittelschulen;männlich;Bosnien-Herzegowina;1
tg;2015/2016;Sekundarstufe II;Fachmittelschulen;männlich;Slowakische Republik;1
tg;2016/2017;Sekundarstufe II;Gymnasium;männlich;Sri Lanka;2
tg;2016/2017;Sekundarstufe II;Fachmittelschulen;weiblich;Ägypten;1
tg;2016/2017;Sekundarstufe II;Fachmittelschulen;weiblich;Italien;3
tg;2016/2017;Sekundarstufe II;Fachmittelschulen;weiblich;Serbien;1
tg;2016/2017;Sekundarstufe II;Fachmittelschulen;weiblich;Schweiz;239
tg;2016/2017;Sekundarstufe II;Fachmittelschulen;weiblich;Mongolei;1
tg;2016/2017;Sekundarstufe II;Gymnasium;weiblich;Spanien;1
tg;2016/2017;Sekundarstufe II;Handelsmittelschulen;männlich;Portugal;1
tg;2016/2017;Sekundarstufe I;Gymnasium;männlich;Türkei;1
tg;2016/2017;Sekundarstufe II;Fachmittelschulen;männlich;Österreich;1
tg;2016/2017;Sekundarstufe II;Handelsmittelschulen;männlich;Schweiz;34
tg;2016/2017;Sekundarstufe II;Gymnasium;männlich;Türkei;5
tg;2016/2017;Sekundarstufe I;Gymnasium;männlich;Brasilien;2
tg;2016/2017;Sekundarstufe II;Gymnasium;weiblich;Deutschland;17
tg;2016/2017;Sekundarstufe I;Gymnasium;weiblich;Kosovo;1
tg;2016/2017;Sekundarstufe II;Informatikmittelschulen;weiblich;Schweiz;4
tg;2016/2017;Sekundarstufe II;Fachmittelschulen;weiblich;Irak;1
tg;2016/2017;Sekundarstufe II;Gymnasium;weiblich;Mauretanien;2
tg;2016/2017;Sekundarstufe II;Handelsmittelschulen;weiblich;Spanien;1
tg;2016/2017;Sekundarstufe II;Fachmittelschulen;männlich;Kosovo;1
tg;2016/2017;Sekundarstufe II;Fachmittelschulen;weiblich;Türkei;4
tg;2016/2017;Sekundarstufe II;Gymnasium;männlich;Schweiz;517
tg;2016/2017;Sekundarstufe II;Passerelle;männlich;Schweiz;24
tg;2016/2017;Sekundarstufe II;Fachmittelschulen;weiblich;Nordmazedonien;4
tg;2016/2017;Sekundarstufe II;Fachmittelschulen;weiblich;Deutschland;5
tg;2016/2017;Sekundarstufe II;Gymnasium;weiblich;Italien;9
tg;2016/2017;Sekundarstufe II;Fachmittelschulen;weiblich;Bosnien-Herzegowina;1
tg;2016/2017;Sekundarstufe I;Gymnasium;männlich;Italien;2
tg;2016/2017;Sekundarstufe II;Gymnasium;weiblich;Russland;1
tg;2016/2017;Sekundarstufe I;Gymnasium;weiblich;Österreich;3
tg;2016/2017;Sekundarstufe I;Gymnasium;männlich;Deutschland;2
tg;2016/2017;Sekundarstufe I;Gymnasium;weiblich;Sri Lanka;3
tg;2016/2017;Sekundarstufe II;Gymnasium;weiblich;Serbien;1
tg;2016/2017;Sekundarstufe I;Gymnasium;weiblich;Spanien;2
tg;2016/2017;Sekundarstufe I;Gymnasium;weiblich;Mauretanien;1
tg;2016/2017;Sekundarstufe II;Fachmittelschulen;weiblich;Portugal;2
tg;2016/2017;Sekundarstufe II;Fachmittelschulen;männlich;Schweiz;52
tg;2016/2017;Sekundarstufe II;Gymnasium;weiblich;Ungarn;2
tg;2016/2017;Sekundarstufe I;Gymnasium;weiblich;Tschechische Republik;1
tg;2016/2017;Sekundarstufe II;Passerelle;weiblich;Deutschland;1
tg;2016/2017;Sekundarstufe II;Fachmittelschulen;männlich;Sri Lanka;1
tg;2016/2017;Sekundarstufe II;Gymnasium;weiblich;Kosovo;1
tg;2016/2017;Sekundarstufe II;Gymnasium;männlich;Nordmazedonien;4
tg;2016/2017;Sekundarstufe II;Fachmittelschulen;weiblich;Russland;1
tg;2016/2017;Sekundarstufe II;Informatikmittelschulen;männlich;Schweiz;68
tg;2016/2017;Sekundarstufe II;Gymnasium;männlich;Afghanistan;1
tg;2016/2017;Sekundarstufe II;Gymnasium;männlich;Deutschland;9
tg;2016/2017;Sekundarstufe I;Gymnasium;weiblich;Kroatien;1
tg;2016/2017;Sekundarstufe II;Passerelle;männlich;Italien;1
tg;2016/2017;Sekundarstufe I;Gymnasium;weiblich;Schweiz;135
tg;2016/2017;Sekundarstufe II;Gymnasium;weiblich;Australien;1
tg;2016/2017;Sekundarstufe II;Fachmittelschulen;weiblich;Frankreich;1
tg;2016/2017;Sekundarstufe II;Gymnasium;männlich;Syrien;1
tg;2016/2017;Sekundarstufe II;Gymnasium;weiblich;Nordmazedonien;3
tg;2016/2017;Sekundarstufe II;Fachmittelschulen;männlich;Chile;1
tg;2016/2017;Sekundarstufe II;Gymnasium;männlich;Mauretanien;2
tg;2016/2017;Sekundarstufe I;Gymnasium;weiblich;Ungarn;1
tg;2016/2017;Sekundarstufe II;Gymnasium;weiblich;Schweiz;835
tg;2016/2017;Sekundarstufe II;Fachmittelschulen;männlich;Türkei;2
tg;2016/2017;Sekundarstufe II;Gymnasium;männlich;Bahamas;1
tg;2016/2017;Sekundarstufe II;Gymnasium;weiblich;Sri Lanka;4
tg;2016/2017;Sekundarstufe II;Handelsmittelschulen;weiblich;Schweiz;23
tg;2016/2017;Sekundarstufe II;Gymnasium;weiblich;Türkei;2
tg;2016/2017;Sekundarstufe II;Informatikmittelschulen;männlich;Marokko;1
tg;2016/2017;Sekundarstufe II;Informatikmittelschulen;männlich;Türkei;1
tg;2016/2017;Sekundarstufe II;Fachmittelschulen;weiblich;Österreich;1
tg;2016/2017;Sekundarstufe I;Gymnasium;weiblich;Nordmazedonien;1
tg;2016/2017;Sekundarstufe I;Gymnasium;weiblich;Lettland;1
tg;2016/2017;Sekundarstufe II;Gymnasium;männlich;Kosovo;1
tg;2016/2017;Sekundarstufe II;Informatikmittelschulen;männlich;Bosnien-Herzegowina;1
tg;2016/2017;Sekundarstufe II;Passerelle;weiblich;Schweiz;17
tg;2016/2017;Sekundarstufe II;Gymnasium;männlich;Italien;3
tg;2016/2017;Sekundarstufe I;Gymnasium;weiblich;Deutschland;3
tg;2016/2017;Sekundarstufe I;Gymnasium;männlich;Österreich;1
tg;2016/2017;Sekundarstufe II;Gymnasium;weiblich;Dänemark;1
tg;2016/2017;Sekundarstufe I;Gymnasium;weiblich;Italien;1
tg;2016/2017;Sekundarstufe II;Fachmittelschulen;männlich;Luxemburg;1
tg;2016/2017;Sekundarstufe II;Gymnasium;männlich;Spanien;3
tg;2016/2017;Sekundarstufe I;Gymnasium;männlich;Sri Lanka;1
tg;2016/2017;Sekundarstufe I;Gymnasium;männlich;Polen;1
tg;2016/2017;Sekundarstufe I;Gymnasium;weiblich;Russland;1
tg;2016/2017;Sekundarstufe II;Informatikmittelschulen;männlich;Portugal;1
tg;2016/2017;Sekundarstufe II;Gymnasium;weiblich;Portugal;2
tg;2016/2017;Sekundarstufe II;Fachmittelschulen;weiblich;Sri Lanka;1
tg;2016/2017;Sekundarstufe II;Informatikmittelschulen;männlich;Nordmazedonien;1
tg;2016/2017;Sekundarstufe II;Gymnasium;weiblich;Brasilien;1
tg;2016/2017;Sekundarstufe I;Gymnasium;männlich;Schweiz;135
tg;2016/2017;Sekundarstufe II;Gymnasium;weiblich;Polen;1
tg;2016/2017;Sekundarstufe II;Fachmittelschulen;weiblich;Polen;2
tg;2017/2018;Sekundarstufe I;Gymnasium;weiblich;Italien;1
tg;2017/2018;Sekundarstufe II;Informatikmittelschulen;männlich;Portugal;1
tg;2017/2018;Sekundarstufe II;Gymnasium;weiblich;Argentinien;1
tg;2017/2018;Sekundarstufe II;Gymnasium;männlich;Kosovo;1
tg;2017/2018;Sekundarstufe II;Informatikmittelschulen;männlich;Nordmazedonien;1
tg;2017/2018;Sekundarstufe II;Gymnasium;weiblich;Nordmazedonien;4
tg;2017/2018;Sekundarstufe II;Fachmittelschulen;weiblich;Polen;2
tg;2017/2018;Sekundarstufe II;Gymnasium;männlich;Dominikanische Republik;1
tg;2017/2018;Sekundarstufe I;Gymnasium;männlich;Sri Lanka;1
tg;2017/2018;Sekundarstufe II;Gymnasium;weiblich;Portugal;1
tg;2017/2018;Sekundarstufe II;Gymnasium;weiblich;Australien;1
tg;2017/2018;Sekundarstufe II;Gymnasium;männlich;Spanien;2
tg;2017/2018;Sekundarstufe II;Gymnasium;männlich;Italien;6
tg;2017/2018;Sekundarstufe I;Gymnasium;männlich;Schweiz;94
tg;2017/2018;Sekundarstufe I;Gymnasium;weiblich;Russland;1
tg;2017/2018;Sekundarstufe II;Fachmittelschulen;weiblich;Sri Lanka;1
tg;2017/2018;Sekundarstufe II;Gymnasium;männlich;Deutschland;11
tg;2017/2018;Sekundarstufe II;Passerelle;männlich;Kosovo;1
tg;2017/2018;Sekundarstufe II;Gymnasium;männlich;Syrien;1
tg;2017/2018;Sekundarstufe I;Gymnasium;weiblich;Nordmazedonien;3
tg;2017/2018;Sekundarstufe II;Informatikmittelschulen;männlich;Türkei;1
tg;2017/2018;Sekundarstufe II;Fachmittelschulen;weiblich;Spanien;1
tg;2017/2018;Sekundarstufe II;Passerelle;weiblich;Schweiz;27
tg;2017/2018;Sekundarstufe II;Gymnasium;männlich;Türkei;6
tg;2017/2018;Sekundarstufe II;Gymnasium;weiblich;Österreich;3
tg;2017/2018;Sekundarstufe II;Fachmittelschulen;weiblich;Österreich;1
tg;2017/2018;Sekundarstufe II;Gymnasium;weiblich;Mauretanien;1
tg;2017/2018;Sekundarstufe II;Passerelle;männlich;Spanien;1
tg;2017/2018;Sekundarstufe II;Fachmittelschulen;weiblich;Deutschland;5
tg;2017/2018;Sekundarstufe II;Passerelle;männlich;Bosnien-Herzegowina;1
tg;2017/2018;Sekundarstufe I;Gymnasium;weiblich;Grossbritannien;1
tg;2017/2018;Sekundarstufe II;Handelsmittelschulen;weiblich;Schweiz;21
tg;2017/2018;Sekundarstufe II;Informatikmittelschulen;männlich;Schweiz;62
tg;2017/2018;Sekundarstufe II;Passerelle;männlich;Italien;1
tg;2017/2018;Sekundarstufe II;Fachmittelschulen;männlich;Chile;1
tg;2017/2018;Sekundarstufe II;Fachmittelschulen;männlich;Türkei;1
tg;2017/2018;Sekundarstufe I;Gymnasium;weiblich;Ungarn;1
tg;2017/2018;Sekundarstufe I;Gymnasium;männlich;Mauretanien;1
tg;2017/2018;Sekundarstufe II;Gymnasium;männlich;Rumänien;1
tg;2017/2018;Sekundarstufe II;Gymnasium;männlich;Afghanistan;1
tg;2017/2018;Sekundarstufe II;Fachmittelschulen;weiblich;Kosovo;2
tg;2017/2018;Sekundarstufe II;Gymnasium;weiblich;Schweiz;838
tg;2017/2018;Sekundarstufe II;Fachmittelschulen;weiblich;Frankreich;1
tg;2017/2018;Sekundarstufe I;Gymnasium;weiblich;Schweiz;158
tg;2017/2018;Sekundarstufe II;Fachmittelschulen;männlich;Argentinien;1
tg;2017/2018;Sekundarstufe II;Passerelle;weiblich;Österreich;1
tg;2017/2018;Sekundarstufe II;Gymnasium;weiblich;Polen;1
tg;2017/2018;Sekundarstufe II;Gymnasium;weiblich;Tschechische Republik;1
tg;2017/2018;Sekundarstufe II;Gymnasium;weiblich;Sri Lanka;6
tg;2017/2018;Sekundarstufe II;Gymnasium;weiblich;Kosovo;1
tg;2017/2018;Sekundarstufe II;Fachmittelschulen;männlich;Schweiz;53
tg;2017/2018;Sekundarstufe II;Gymnasium;männlich;Nordmazedonien;3
tg;2017/2018;Sekundarstufe I;Gymnasium;weiblich;Sri Lanka;3
tg;2017/2018;Sekundarstufe II;Gymnasium;weiblich;Liechtenstein;1
tg;2017/2018;Sekundarstufe II;Gymnasium;männlich;Sri Lanka;3
tg;2017/2018;Sekundarstufe I;Gymnasium;männlich;Deutschland;2
tg;2017/2018;Sekundarstufe II;Gymnasium;weiblich;Deutschland;14
tg;2017/2018;Sekundarstufe I;Gymnasium;weiblich;Iran;1
tg;2017/2018;Sekundarstufe II;Fachmittelschulen;weiblich;Türkei;4
tg;2017/2018;Sekundarstufe II;Gymnasium;männlich;Schweden;1
tg;2017/2018;Sekundarstufe II;Gymnasium;weiblich;Iran;1
tg;2017/2018;Sekundarstufe II;Fachmittelschulen;männlich;Sri Lanka;1
tg;2017/2018;Sekundarstufe II;Fachmittelschulen;weiblich;Italien;3
tg;2017/2018;Sekundarstufe II;Gymnasium;weiblich;Italien;7
tg;2017/2018;Sekundarstufe II;Gymnasium;weiblich;Russland;1
tg;2017/2018;Sekundarstufe II;Fachmittelschulen;weiblich;Russland;1
tg;2017/2018;Sekundarstufe II;Gymnasium;weiblich;Spanien;2
tg;2017/2018;Sekundarstufe II;Passerelle;männlich;Schweiz;24
tg;2017/2018;Sekundarstufe I;Gymnasium;männlich;Italien;1
tg;2017/2018;Sekundarstufe II;Passerelle;weiblich;Kosovo;1
tg;2017/2018;Sekundarstufe II;Fachmittelschulen;männlich;Österreich;1
tg;2017/2018;Sekundarstufe II;Gymnasium;männlich;Mauretanien;2
tg;2017/2018;Sekundarstufe II;Gymnasium;weiblich;Türkei;2
tg;2017/2018;Sekundarstufe II;Gymnasium;männlich;Bahamas;1
tg;2017/2018;Sekundarstufe II;Gymnasium;männlich;Österreich;1
tg;2017/2018;Sekundarstufe II;Fachmittelschulen;weiblich;Nordmazedonien;2
tg;2017/2018;Sekundarstufe II;Fachmittelschulen;weiblich;Japan;2
tg;2017/2018;Sekundarstufe I;Gymnasium;männlich;Kolumbien;1
tg;2017/2018;Sekundarstufe II;Fachmittelschulen;männlich;Mauretanien;1
tg;2017/2018;Sekundarstufe I;Gymnasium;weiblich;Deutschland;3
tg;2017/2018;Sekundarstufe II;Gymnasium;männlich;Norwegen;1
tg;2017/2018;Sekundarstufe II;Gymnasium;weiblich;Kroatien;1
tg;2017/2018;Sekundarstufe II;Gymnasium;weiblich;Serbien;2
tg;2017/2018;Sekundarstufe II;Fachmittelschulen;weiblich;Mongolei;2
tg;2017/2018;Sekundarstufe II;Handelsmittelschulen;männlich;Schweiz;20
tg;2017/2018;Sekundarstufe I;Gymnasium;männlich;Türkei;2
tg;2017/2018;Sekundarstufe I;Gymnasium;weiblich;Liechtenstein;1
tg;2017/2018;Sekundarstufe II;Handelsmittelschulen;weiblich;Spanien;1
tg;2017/2018;Sekundarstufe II;Fachmittelschulen;weiblich;Irak;1
tg;2017/2018;Sekundarstufe II;Informatikmittelschulen;weiblich;Schweiz;7
tg;2017/2018;Sekundarstufe I;Gymnasium;männlich;Nordmazedonien;1
tg;2017/2018;Sekundarstufe II;Gymnasium;weiblich;Ungarn;1
tg;2017/2018;Sekundarstufe II;Gymnasium;weiblich;Armenien;1
tg;2017/2018;Sekundarstufe II;Fachmittelschulen;weiblich;Ägypten;1
tg;2017/2018;Sekundarstufe II;Passerelle;männlich;Österreich;1
tg;2017/2018;Sekundarstufe II;Fachmittelschulen;weiblich;Portugal;3
tg;2017/2018;Sekundarstufe II;Gymnasium;männlich;Schweiz;537
tg;2017/2018;Sekundarstufe II;Fachmittelschulen;männlich;Kosovo;1
tg;2017/2018;Sekundarstufe II;Fachmittelschulen;weiblich;Schweiz;267
tg;2018/2019;Sekundarstufe II;Fachmittelschulen;weiblich;Ägypten;1
tg;2018/2019;Sekundarstufe II;Gymnasium;männlich;Italien;4
tg;2018/2019;Sekundarstufe II;Fachmittelschulen;weiblich;Schweiz;262
tg;2018/2019;Sekundarstufe I;Gymnasium;weiblich;Kosovo;2
tg;2018/2019;Sekundarstufe I;Gymnasium;männlich;Portugal;2
tg;2018/2019;Sekundarstufe II;Gymnasium;weiblich;Mauretanien;1
tg;2018/2019;Sekundarstufe II;Gymnasium;männlich;Eritrea;1
tg;2018/2019;Sekundarstufe II;Gymnasium;weiblich;Iran;1
tg;2018/2019;Sekundarstufe II;Gymnasium;weiblich;Sri Lanka;6
tg;2018/2019;Sekundarstufe I;Gymnasium;männlich;Türkei;2
tg;2018/2019;Sekundarstufe II;Gymnasium;weiblich;Tschechische Republik;1
tg;2018/2019;Sekundarstufe II;Gymnasium;männlich;Neuseeland;1
tg;2018/2019;Sekundarstufe II;Gymnasium;weiblich;Spanien;2
tg;2018/2019;Sekundarstufe II;Gymnasium;weiblich;Kanada;1
tg;2018/2019;Sekundarstufe II;Gymnasium;weiblich;Polen;1
tg;2018/2019;Sekundarstufe II;Gymnasium;weiblich;Liechtenstein;2
tg;2018/2019;Sekundarstufe II;Gymnasium;weiblich;Österreich;2
tg;2018/2019;Sekundarstufe II;Fachmittelschulen;weiblich;Portugal;4
tg;2018/2019;Sekundarstufe I;Gymnasium;männlich;Nordmazedonien;1
tg;2018/2019;Sekundarstufe I;Gymnasium;männlich;Schweiz;114
tg;2018/2019;Sekundarstufe II;Handelsmittelschulen;männlich;Schweiz;10
tg;2018/2019;Sekundarstufe I;Gymnasium;weiblich;Spanien;1
tg;2018/2019;Sekundarstufe II;Gymnasium;weiblich;Kosovo;1
tg;2018/2019;Sekundarstufe II;Fachmittelschulen;weiblich;Mongolei;1
tg;2018/2019;Sekundarstufe II;Handelsmittelschulen;weiblich;Spanien;1
tg;2018/2019;Sekundarstufe II;Informatikmittelschulen;weiblich;Schweiz;7
tg;2018/2019;Sekundarstufe I;Gymnasium;weiblich;Deutschland;3
tg;2018/2019;Sekundarstufe I;Gymnasium;weiblich;Iran;1
tg;2018/2019;Sekundarstufe II;Fachmittelschulen;weiblich;Türkei;4
tg;2018/2019;Sekundarstufe II;Fachmittelschulen;weiblich;Nordmazedonien;1
tg;2018/2019;Sekundarstufe I;Gymnasium;männlich;Italien;4
tg;2018/2019;Sekundarstufe II;Informatikmittelschulen;männlich;Ungarn;1
tg;2018/2019;Sekundarstufe II;Passerelle;männlich;Schweiz;22
tg;2018/2019;Sekundarstufe II;Gymnasium;männlich;Türkei;6
tg;2018/2019;Sekundarstufe II;Fachmittelschulen;weiblich;Russland;2
tg;2018/2019;Sekundarstufe II;Fachmittelschulen;männlich;Sri Lanka;2
tg;2018/2019;Sekundarstufe II;Fachmittelschulen;männlich;Mauretanien;1
tg;2018/2019;Sekundarstufe I;Gymnasium;männlich;Deutschland;4
tg;2018/2019;Sekundarstufe II;Gymnasium;männlich;Afghanistan;1
tg;2018/2019;Sekundarstufe I;Gymnasium;weiblich;Sri Lanka;3
tg;2018/2019;Sekundarstufe II;Gymnasium;männlich;Deutschland;10
tg;2018/2019;Sekundarstufe II;Fachmittelschulen;weiblich;Kosovo;2
tg;2018/2019;Sekundarstufe II;Fachmittelschulen;weiblich;Italien;4
tg;2018/2019;Sekundarstufe I;Gymnasium;männlich;Serbien;1
tg;2018/2019;Sekundarstufe I;Gymnasium;weiblich;Portugal;2
tg;2018/2019;Sekundarstufe II;Handelsmittelschulen;weiblich;Schweiz;12
tg;2018/2019;Sekundarstufe II;Fachmittelschulen;männlich;Schweiz;49
tg;2018/2019;Sekundarstufe II;Gymnasium;weiblich;Italien;7
tg;2018/2019;Sekundarstufe I;Gymnasium;weiblich;Kroatien;1
tg;2018/2019;Sekundarstufe II;Fachmittelschulen;weiblich;Frankreich;1
tg;2018/2019;Sekundarstufe I;Gymnasium;männlich;Indonesien;1
tg;2018/2019;Sekundarstufe II;Gymnasium;weiblich;Nordmazedonien;6
tg;2018/2019;Sekundarstufe I;Gymnasium;weiblich;Nordmazedonien;1
tg;2018/2019;Sekundarstufe I;Gymnasium;weiblich;Schweiz;148
tg;2018/2019;Sekundarstufe I;Gymnasium;männlich;Somalia;1
tg;2018/2019;Sekundarstufe II;Fachmittelschulen;männlich;Chile;1
tg;2018/2019;Sekundarstufe II;Fachmittelschulen;weiblich;Deutschland;6
tg;2018/2019;Sekundarstufe II;Gymnasium;männlich;Spanien;1
tg;2018/2019;Sekundarstufe II;Gymnasium;weiblich;Russland;2
tg;2018/2019;Sekundarstufe II;Gymnasium;männlich;Syrien;1
tg;2018/2019;Sekundarstufe II;Gymnasium;weiblich;Schweiz;893
tg;2018/2019;Sekundarstufe II;Informatikmittelschulen;männlich;Schweiz;59
tg;2018/2019;Sekundarstufe II;Gymnasium;männlich;Schweiz;491
tg;2018/2019;Sekundarstufe I;Gymnasium;weiblich;Afghanistan;1
tg;2018/2019;Sekundarstufe II;Passerelle;weiblich;Schweiz;38
tg;2018/2019;Sekundarstufe II;Fachmittelschulen;männlich;Nordmazedonien;1
tg;2018/2019;Sekundarstufe I;Gymnasium;weiblich;Türkei;2
tg;2018/2019;Sekundarstufe II;Fachmittelschulen;männlich;Tunesien;1
tg;2018/2019;Sekundarstufe II;Gymnasium;weiblich;Ungarn;2
tg;2018/2019;Sekundarstufe II;Gymnasium;männlich;Honduras;1
tg;2018/2019;Sekundarstufe II;Fachmittelschulen;weiblich;Österreich;2
tg;2018/2019;Sekundarstufe II;Fachmittelschulen;weiblich;Mauretanien;1
tg;2018/2019;Sekundarstufe II;Gymnasium;männlich;Montenegro;1
tg;2018/2019;Sekundarstufe II;Gymnasium;weiblich;Kroatien;1
tg;2018/2019;Sekundarstufe II;Gymnasium;männlich;Sri Lanka;2
tg;2018/2019;Sekundarstufe II;Gymnasium;männlich;Mauretanien;1
tg;2018/2019;Sekundarstufe I;Gymnasium;weiblich;Italien;4
tg;2018/2019;Sekundarstufe II;Gymnasium;weiblich;Armenien;1
tg;2018/2019;Sekundarstufe II;Informatikmittelschulen;männlich;Nordmazedonien;1
tg;2018/2019;Sekundarstufe II;Gymnasium;weiblich;Deutschland;10
tg;2018/2019;Sekundarstufe II;Fachmittelschulen;weiblich;Spanien;1
tg;2018/2019;Sekundarstufe II;Gymnasium;männlich;Staat unbekannt;1
tg;2018/2019;Sekundarstufe II;Fachmittelschulen;weiblich;Polen;1
tg;2018/2019;Sekundarstufe II;Gymnasium;weiblich;Serbien;1
tg;2018/2019;Sekundarstufe II;Gymnasium;männlich;Österreich;1
tg;2018/2019;Sekundarstufe II;Gymnasium;weiblich;Türkei;1
